test_id,scenario,notes,run_mode,elapsed_ms,attempt,command_samples,command_successes,command_failures,command_latency_ms_avg,command_latency_ms_min,command_latency_ms_max,last_command_latency_ms,last_command_elapsed_ms,last_command_age_ms,command_attempt_count,command_retry_count,command_timeout_count,command_client_total_ms,command_ensure_sdk_ms,command_executor_total_ms,command_send_ms,command_recv_wait_ms,command_parse_ms,command_executor_recv_wait_total_ms,command_executor_internal_total_ms,command_recovery_ms,command_executor_calls,command_recovery_count,last_command,last_response,last_command_result,command_source,command_executor_last_error,command_executor_attempt_log,command_internal_attempt_log,telemetry_packets_total,telemetry_packets_valid,telemetry_packets_invalid,telemetry_timeouts,telemetry_errors,telemetry_hz_instant,telemetry_hz_ema,telemetry_age_ms,telemetry_interarrival_ms,telemetry_max_interarrival_ms,telemetry_last_gap_ms,telemetry_last_gap_sequence,telemetry_gap_events_300ms,telemetry_gap_events_500ms,telemetry_gap_events_1000ms,telemetry_quality,telemetry_quality_score,telemetry_state_available,telemetry_h,telemetry_tof,telemetry_baro,telemetry_vgz,telemetry_bat,telemetry_templ,telemetry_temph,video_packets_total,video_bytes_total,video_timeouts,video_errors,video_pps_instant,video_pps_ema,video_age_ms,video_packet_delta,video_interarrival_ms,video_max_interarrival_ms,video_last_gap_ms,video_last_gap_sequence,video_gap_events_300ms,video_gap_events_500ms,video_gap_events_1000ms,video_quality,video_quality_score,link_quality,link_quality_score,link_safe_for_nonzero_rc,link_quality_reason,link_telemetry_quality,link_video_quality,link_command_quality,link_rc_quality,rc_packet_gap_ms,rc_expected_period_ms,rc_blackout_count,rc_last_nonzero_age_ms,rc_safety_override_active,decoder_frames_decoded,decoder_errors,decoder_fps_ema,frame_width,frame_height,keyframes,paused,overlay_enabled,recovery_attempted,recovery_result,recovery_hard,recovery_stage,recovery_command_channel_available,event,log_timestamp,log_message,connection_state,last_outage_failures,plot_metric,state_sequence_delta,state_receiver_running,rc_stream_active,rc_left_right,rc_forward_back,rc_up_down,rc_yaw,keepalive_running,auto_refresh_active,critical_command_active,pause_keepalive_ms,neutral_rc_ms,critical_command_ms,gui_vision_tick_delay_ms,gui_state_tick_delay_ms,vision_refresh_duration_ms,state_refresh_duration_ms,frame_convert_ms,frame_scale_ms,plot_paint_ms,vision_frame_mutex_wait_ms,state_history_fetch_ms,command_mutex_wait_ms,ui_frames_converted,ui_frames_dropped,ui_frames_displayed,plot_samples_displayed,keepalive_tick_total,keepalive_success_total,keepalive_failure_total,keepalive_skipped_busy_total,keepalive_skipped_uninitialized_total,keepalive_last_command,keepalive_last_response,keepalive_last_result,keepalive_last_latency_ms,keepalive_last_success_age_ms,keepalive_last_tick_age_ms
E2-CMD-BASE-D01-PCAP,command-baseline,stationary drone; with pcap; independent repetition 1 of 3,WATCH,78,1,1,1,0,77,77,77,77,78,0,1,0,0,77,25,51,0,51,0,51,51,0,1,0,battery?,81,OK,cli-watch,,attempt=1|send=OK|raw=81|parsed=OK,executor_call=1|command=battery?|result=OK|response=81|elapsed_ms=51|timing_total_ms=51|recv_wait_ms=51|attempt_log=[attempt=1|send=OK|raw=81|parsed=OK],0,0,0,0,0,0,0,-1,-1,0,0,0,0,0,0,NO_DATA,0,0,0,0,0,0,0,0,0,0,0,0,0,0,0,-1,0,-1,0,0,0,0,0,0,NO_DATA,0,OK,100,0,command=OK,NO_DATA,NO_DATA,OK,NO_DATA,-1,50,0,-1,0,0,0,0,0,0,0,0,0,0,OK,0,,0,NONE,,,CONNECTED,0,,0,0,0,0,0,0,0,0,0,0,0,0,0,0,0,0,0,0,0,0,0,0,0,0,0,0,0,0,0,0,0,0,,,ERROR,0,-1,-1
E2-CMD-BASE-D01-PCAP,command-baseline,stationary drone; with pcap; independent repetition 1 of 3,WATCH,1116,2,2,2,0,56,35,77,35,1116,0,1,0,0,35,0,35,0,35,0,35,35,0,1,0,battery?,81,OK,cli-watch,,attempt=1|send=OK|raw=81|parsed=OK,executor_call=1|command=battery?|result=OK|response=81|elapsed_ms=35|timing_total_ms=35|recv_wait_ms=35|attempt_log=[attempt=1|send=OK|raw=81|parsed=OK],0,0,0,0,0,0,0,-1,-1,0,0,0,0,0,0,NO_DATA,0,0,0,0,0,0,0,0,0,0,0,0,0,0,0,-1,0,-1,0,0,0,0,0,0,NO_DATA,0,OK,100,0,command=OK,NO_DATA,NO_DATA,OK,NO_DATA,-1,50,0,-1,0,0,0,0,0,0,0,0,0,0,OK,0,,0,NONE,,,CONNECTED,0,,0,0,0,0,0,0,0,0,0,0,0,0,0,0,0,0,0,0,0,0,0,0,0,0,0,0,0,0,0,0,0,0,,,ERROR,0,-1,-1
E2-CMD-BASE-D01-PCAP,command-baseline,stationary drone; with pcap; independent repetition 1 of 3,WATCH,2152,3,3,3,0,49,35,77,35,2152,0,1,0,0,35,0,35,0,35,0,35,35,0,1,0,battery?,81,OK,cli-watch,,attempt=1|send=OK|raw=81|parsed=OK,executor_call=1|command=battery?|result=OK|response=81|elapsed_ms=35|timing_total_ms=35|recv_wait_ms=35|attempt_log=[attempt=1|send=OK|raw=81|parsed=OK],0,0,0,0,0,0,0,-1,-1,0,0,0,0,0,0,NO_DATA,0,0,0,0,0,0,0,0,0,0,0,0,0,0,0,-1,0,-1,0,0,0,0,0,0,NO_DATA,0,OK,100,0,command=OK,NO_DATA,NO_DATA,OK,NO_DATA,-1,50,0,-1,0,0,0,0,0,0,0,0,0,0,OK,0,,0,NONE,,,CONNECTED,0,,0,0,0,0,0,0,0,0,0,0,0,0,0,0,0,0,0,0,0,0,0,0,0,0,0,0,0,0,0,0,0,0,,,ERROR,0,-1,-1
E2-CMD-BASE-D01-PCAP,command-baseline,stationary drone; with pcap; independent repetition 1 of 3,WATCH,3188,4,4,4,0,45.5,35,77,35,3188,0,1,0,0,35,0,35,0,35,0,35,35,0,1,0,battery?,81,OK,cli-watch,,attempt=1|send=OK|raw=81|parsed=OK,executor_call=1|command=battery?|result=OK|response=81|elapsed_ms=35|timing_total_ms=35|recv_wait_ms=35|attempt_log=[attempt=1|send=OK|raw=81|parsed=OK],0,0,0,0,0,0,0,-1,-1,0,0,0,0,0,0,NO_DATA,0,0,0,0,0,0,0,0,0,0,0,0,0,0,0,-1,0,-1,0,0,0,0,0,0,NO_DATA,0,OK,100,0,command=OK,NO_DATA,NO_DATA,OK,NO_DATA,-1,50,0,-1,0,0,0,0,0,0,0,0,0,0,OK,0,,0,NONE,,,CONNECTED,0,,0,0,0,0,0,0,0,0,0,0,0,0,0,0,0,0,0,0,0,0,0,0,0,0,0,0,0,0,0,0,0,0,,,ERROR,0,-1,-1
E2-CMD-BASE-D01-PCAP,command-baseline,stationary drone; with pcap; independent repetition 1 of 3,WATCH,4225,5,5,5,0,43.6,35,77,36,4225,0,1,0,0,36,0,36,0,36,0,36,36,0,1,0,battery?,81,OK,cli-watch,,attempt=1|send=OK|raw=81|parsed=OK,executor_call=1|command=battery?|result=OK|response=81|elapsed_ms=36|timing_total_ms=36|recv_wait_ms=36|attempt_log=[attempt=1|send=OK|raw=81|parsed=OK],0,0,0,0,0,0,0,-1,-1,0,0,0,0,0,0,NO_DATA,0,0,0,0,0,0,0,0,0,0,0,0,0,0,0,-1,0,-1,0,0,0,0,0,0,NO_DATA,0,OK,100,0,command=OK,NO_DATA,NO_DATA,OK,NO_DATA,-1,50,0,-1,0,0,0,0,0,0,0,0,0,0,OK,0,,0,NONE,,,CONNECTED,0,,0,0,0,0,0,0,0,0,0,0,0,0,0,0,0,0,0,0,0,0,0,0,0,0,0,0,0,0,0,0,0,0,,,ERROR,0,-1,-1
E2-CMD-BASE-D01-PCAP,command-baseline,stationary drone; with pcap; independent repetition 1 of 3,WATCH,5261,6,6,6,0,42.1667,35,77,35,5261,0,1,0,0,35,0,35,0,35,0,35,35,0,1,0,battery?,81,OK,cli-watch,,attempt=1|send=OK|raw=81|parsed=OK,executor_call=1|command=battery?|result=OK|response=81|elapsed_ms=35|timing_total_ms=35|recv_wait_ms=35|attempt_log=[attempt=1|send=OK|raw=81|parsed=OK],0,0,0,0,0,0,0,-1,-1,0,0,0,0,0,0,NO_DATA,0,0,0,0,0,0,0,0,0,0,0,0,0,0,0,-1,0,-1,0,0,0,0,0,0,NO_DATA,0,OK,100,0,command=OK,NO_DATA,NO_DATA,OK,NO_DATA,-1,50,0,-1,0,0,0,0,0,0,0,0,0,0,OK,0,,0,NONE,,,CONNECTED,0,,0,0,0,0,0,0,0,0,0,0,0,0,0,0,0,0,0,0,0,0,0,0,0,0,0,0,0,0,0,0,0,0,,,ERROR,0,-1,-1
E2-CMD-BASE-D01-PCAP,command-baseline,stationary drone; with pcap; independent repetition 1 of 3,WATCH,6298,7,7,7,0,41.1429,35,77,35,6298,0,1,0,0,35,0,35,0,35,0,35,35,0,1,0,battery?,81,OK,cli-watch,,attempt=1|send=OK|raw=81|parsed=OK,executor_call=1|command=battery?|result=OK|response=81|elapsed_ms=35|timing_total_ms=35|recv_wait_ms=35|attempt_log=[attempt=1|send=OK|raw=81|parsed=OK],0,0,0,0,0,0,0,-1,-1,0,0,0,0,0,0,NO_DATA,0,0,0,0,0,0,0,0,0,0,0,0,0,0,0,-1,0,-1,0,0,0,0,0,0,NO_DATA,0,OK,100,0,command=OK,NO_DATA,NO_DATA,OK,NO_DATA,-1,50,0,-1,0,0,0,0,0,0,0,0,0,0,OK,0,,0,NONE,,,CONNECTED,0,,0,0,0,0,0,0,0,0,0,0,0,0,0,0,0,0,0,0,0,0,0,0,0,0,0,0,0,0,0,0,0,0,,,ERROR,0,-1,-1
E2-CMD-BASE-D01-PCAP,command-baseline,stationary drone; with pcap; independent repetition 1 of 3,WATCH,7334,8,8,8,0,40.375,35,77,35,7334,0,1,0,0,35,0,35,0,35,0,35,35,0,1,0,battery?,81,OK,cli-watch,,attempt=1|send=OK|raw=81|parsed=OK,executor_call=1|command=battery?|result=OK|response=81|elapsed_ms=35|timing_total_ms=35|recv_wait_ms=35|attempt_log=[attempt=1|send=OK|raw=81|parsed=OK],0,0,0,0,0,0,0,-1,-1,0,0,0,0,0,0,NO_DATA,0,0,0,0,0,0,0,0,0,0,0,0,0,0,0,-1,0,-1,0,0,0,0,0,0,NO_DATA,0,OK,100,0,command=OK,NO_DATA,NO_DATA,OK,NO_DATA,-1,50,0,-1,0,0,0,0,0,0,0,0,0,0,OK,0,,0,NONE,,,CONNECTED,0,,0,0,0,0,0,0,0,0,0,0,0,0,0,0,0,0,0,0,0,0,0,0,0,0,0,0,0,0,0,0,0,0,,,ERROR,0,-1,-1
E2-CMD-BASE-D01-PCAP,command-baseline,stationary drone; with pcap; independent repetition 1 of 3,WATCH,8370,9,9,9,0,39.6667,34,77,34,8370,0,1,0,0,34,0,34,0,34,0,34,34,0,1,0,battery?,81,OK,cli-watch,,attempt=1|send=OK|raw=81|parsed=OK,executor_call=1|command=battery?|result=OK|response=81|elapsed_ms=34|timing_total_ms=34|recv_wait_ms=34|attempt_log=[attempt=1|send=OK|raw=81|parsed=OK],0,0,0,0,0,0,0,-1,-1,0,0,0,0,0,0,NO_DATA,0,0,0,0,0,0,0,0,0,0,0,0,0,0,0,-1,0,-1,0,0,0,0,0,0,NO_DATA,0,OK,100,0,command=OK,NO_DATA,NO_DATA,OK,NO_DATA,-1,50,0,-1,0,0,0,0,0,0,0,0,0,0,OK,0,,0,NONE,,,CONNECTED,0,,0,0,0,0,0,0,0,0,0,0,0,0,0,0,0,0,0,0,0,0,0,0,0,0,0,0,0,0,0,0,0,0,,,ERROR,0,-1,-1
E2-CMD-BASE-D01-PCAP,command-baseline,stationary drone; with pcap; independent repetition 1 of 3,WATCH,9406,10,10,10,0,39.2,34,77,35,9406,0,1,0,0,35,0,35,0,35,0,35,35,0,1,0,battery?,81,OK,cli-watch,,attempt=1|send=OK|raw=81|parsed=OK,executor_call=1|command=battery?|result=OK|response=81|elapsed_ms=35|timing_total_ms=35|recv_wait_ms=35|attempt_log=[attempt=1|send=OK|raw=81|parsed=OK],0,0,0,0,0,0,0,-1,-1,0,0,0,0,0,0,NO_DATA,0,0,0,0,0,0,0,0,0,0,0,0,0,0,0,-1,0,-1,0,0,0,0,0,0,NO_DATA,0,OK,100,0,command=OK,NO_DATA,NO_DATA,OK,NO_DATA,-1,50,0,-1,0,0,0,0,0,0,0,0,0,0,OK,0,,0,NONE,,,CONNECTED,0,,0,0,0,0,0,0,0,0,0,0,0,0,0,0,0,0,0,0,0,0,0,0,0,0,0,0,0,0,0,0,0,0,,,ERROR,0,-1,-1
E2-CMD-BASE-D01-PCAP,command-baseline,stationary drone; with pcap; independent repetition 1 of 3,WATCH,10442,11,11,11,0,38.8182,34,77,35,10442,0,1,0,0,35,0,35,0,34,0,34,35,0,1,0,battery?,81,OK,cli-watch,,attempt=1|send=OK|raw=81|parsed=OK,executor_call=1|command=battery?|result=OK|response=81|elapsed_ms=35|timing_total_ms=35|recv_wait_ms=34|attempt_log=[attempt=1|send=OK|raw=81|parsed=OK],0,0,0,0,0,0,0,-1,-1,0,0,0,0,0,0,NO_DATA,0,0,0,0,0,0,0,0,0,0,0,0,0,0,0,-1,0,-1,0,0,0,0,0,0,NO_DATA,0,OK,100,0,command=OK,NO_DATA,NO_DATA,OK,NO_DATA,-1,50,0,-1,0,0,0,0,0,0,0,0,0,0,OK,0,,0,NONE,,,CONNECTED,0,,0,0,0,0,0,0,0,0,0,0,0,0,0,0,0,0,0,0,0,0,0,0,0,0,0,0,0,0,0,0,0,0,,,ERROR,0,-1,-1
E2-CMD-BASE-D01-PCAP,command-baseline,stationary drone; with pcap; independent repetition 1 of 3,WATCH,11478,12,12,12,0,38.3333,33,77,33,11478,0,1,0,0,33,0,33,0,33,0,33,33,0,1,0,battery?,81,OK,cli-watch,,attempt=1|send=OK|raw=81|parsed=OK,executor_call=1|command=battery?|result=OK|response=81|elapsed_ms=33|timing_total_ms=33|recv_wait_ms=33|attempt_log=[attempt=1|send=OK|raw=81|parsed=OK],0,0,0,0,0,0,0,-1,-1,0,0,0,0,0,0,NO_DATA,0,0,0,0,0,0,0,0,0,0,0,0,0,0,0,-1,0,-1,0,0,0,0,0,0,NO_DATA,0,OK,100,0,command=OK,NO_DATA,NO_DATA,OK,NO_DATA,-1,50,0,-1,0,0,0,0,0,0,0,0,0,0,OK,0,,0,NONE,,,CONNECTED,0,,0,0,0,0,0,0,0,0,0,0,0,0,0,0,0,0,0,0,0,0,0,0,0,0,0,0,0,0,0,0,0,0,,,ERROR,0,-1,-1
E2-CMD-BASE-D01-PCAP,command-baseline,stationary drone; with pcap; independent repetition 1 of 3,WATCH,12514,13,13,13,0,38,33,77,34,12514,0,1,0,0,34,0,34,0,33,0,33,34,0,1,0,battery?,81,OK,cli-watch,,attempt=1|send=OK|raw=81|parsed=OK,executor_call=1|command=battery?|result=OK|response=81|elapsed_ms=34|timing_total_ms=34|recv_wait_ms=33|attempt_log=[attempt=1|send=OK|raw=81|parsed=OK],0,0,0,0,0,0,0,-1,-1,0,0,0,0,0,0,NO_DATA,0,0,0,0,0,0,0,0,0,0,0,0,0,0,0,-1,0,-1,0,0,0,0,0,0,NO_DATA,0,OK,100,0,command=OK,NO_DATA,NO_DATA,OK,NO_DATA,-1,50,0,-1,0,0,0,0,0,0,0,0,0,0,OK,0,,0,NONE,,,CONNECTED,0,,0,0,0,0,0,0,0,0,0,0,0,0,0,0,0,0,0,0,0,0,0,0,0,0,0,0,0,0,0,0,0,0,,,ERROR,0,-1,-1
E2-CMD-BASE-D01-PCAP,command-baseline,stationary drone; with pcap; independent repetition 1 of 3,WATCH,13550,14,14,14,0,37.6429,33,77,33,13550,0,1,0,0,33,0,33,0,33,0,33,33,0,1,0,battery?,81,OK,cli-watch,,attempt=1|send=OK|raw=81|parsed=OK,executor_call=1|command=battery?|result=OK|response=81|elapsed_ms=33|timing_total_ms=33|recv_wait_ms=33|attempt_log=[attempt=1|send=OK|raw=81|parsed=OK],0,0,0,0,0,0,0,-1,-1,0,0,0,0,0,0,NO_DATA,0,0,0,0,0,0,0,0,0,0,0,0,0,0,0,-1,0,-1,0,0,0,0,0,0,NO_DATA,0,OK,100,0,command=OK,NO_DATA,NO_DATA,OK,NO_DATA,-1,50,0,-1,0,0,0,0,0,0,0,0,0,0,OK,0,,0,NONE,,,CONNECTED,0,,0,0,0,0,0,0,0,0,0,0,0,0,0,0,0,0,0,0,0,0,0,0,0,0,0,0,0,0,0,0,0,0,,,ERROR,0,-1,-1
E2-CMD-BASE-D01-PCAP,command-baseline,stationary drone; with pcap; independent repetition 1 of 3,WATCH,14586,15,15,15,0,37.3333,33,77,33,14586,0,1,0,0,33,0,33,0,32,0,32,33,0,1,0,battery?,81,OK,cli-watch,,attempt=1|send=OK|raw=81|parsed=OK,executor_call=1|command=battery?|result=OK|response=81|elapsed_ms=33|timing_total_ms=33|recv_wait_ms=32|attempt_log=[attempt=1|send=OK|raw=81|parsed=OK],0,0,0,0,0,0,0,-1,-1,0,0,0,0,0,0,NO_DATA,0,0,0,0,0,0,0,0,0,0,0,0,0,0,0,-1,0,-1,0,0,0,0,0,0,NO_DATA,0,OK,100,0,command=OK,NO_DATA,NO_DATA,OK,NO_DATA,-1,50,0,-1,0,0,0,0,0,0,0,0,0,0,OK,0,,0,NONE,,,CONNECTED,0,,0,0,0,0,0,0,0,0,0,0,0,0,0,0,0,0,0,0,0,0,0,0,0,0,0,0,0,0,0,0,0,0,,,ERROR,0,-1,-1
E2-CMD-BASE-D01-PCAP,command-baseline,stationary drone; with pcap; independent repetition 1 of 3,WATCH,15622,16,16,16,0,37.0625,33,77,33,15622,0,1,0,0,33,0,33,0,33,0,33,33,0,1,0,battery?,81,OK,cli-watch,,attempt=1|send=OK|raw=81|parsed=OK,executor_call=1|command=battery?|result=OK|response=81|elapsed_ms=33|timing_total_ms=33|recv_wait_ms=33|attempt_log=[attempt=1|send=OK|raw=81|parsed=OK],0,0,0,0,0,0,0,-1,-1,0,0,0,0,0,0,NO_DATA,0,0,0,0,0,0,0,0,0,0,0,0,0,0,0,-1,0,-1,0,0,0,0,0,0,NO_DATA,0,OK,100,0,command=OK,NO_DATA,NO_DATA,OK,NO_DATA,-1,50,0,-1,0,0,0,0,0,0,0,0,0,0,OK,0,,0,NONE,,,CONNECTED,0,,0,0,0,0,0,0,0,0,0,0,0,0,0,0,0,0,0,0,0,0,0,0,0,0,0,0,0,0,0,0,0,0,,,ERROR,0,-1,-1
E2-CMD-BASE-D01-PCAP,command-baseline,stationary drone; with pcap; independent repetition 1 of 3,WATCH,16658,17,17,17,0,36.9412,33,77,35,16658,0,1,0,0,35,0,35,0,35,0,35,35,0,1,0,battery?,81,OK,cli-watch,,attempt=1|send=OK|raw=81|parsed=OK,executor_call=1|command=battery?|result=OK|response=81|elapsed_ms=35|timing_total_ms=35|recv_wait_ms=35|attempt_log=[attempt=1|send=OK|raw=81|parsed=OK],0,0,0,0,0,0,0,-1,-1,0,0,0,0,0,0,NO_DATA,0,0,0,0,0,0,0,0,0,0,0,0,0,0,0,-1,0,-1,0,0,0,0,0,0,NO_DATA,0,OK,100,0,command=OK,NO_DATA,NO_DATA,OK,NO_DATA,-1,50,0,-1,0,0,0,0,0,0,0,0,0,0,OK,0,,0,NONE,,,CONNECTED,0,,0,0,0,0,0,0,0,0,0,0,0,0,0,0,0,0,0,0,0,0,0,0,0,0,0,0,0,0,0,0,0,0,,,ERROR,0,-1,-1
E2-CMD-BASE-D01-PCAP,command-baseline,stationary drone; with pcap; independent repetition 1 of 3,WATCH,17694,18,18,18,0,36.7778,33,77,34,17694,0,1,0,0,34,0,34,0,34,0,34,34,0,1,0,battery?,81,OK,cli-watch,,attempt=1|send=OK|raw=81|parsed=OK,executor_call=1|command=battery?|result=OK|response=81|elapsed_ms=34|timing_total_ms=34|recv_wait_ms=34|attempt_log=[attempt=1|send=OK|raw=81|parsed=OK],0,0,0,0,0,0,0,-1,-1,0,0,0,0,0,0,NO_DATA,0,0,0,0,0,0,0,0,0,0,0,0,0,0,0,-1,0,-1,0,0,0,0,0,0,NO_DATA,0,OK,100,0,command=OK,NO_DATA,NO_DATA,OK,NO_DATA,-1,50,0,-1,0,0,0,0,0,0,0,0,0,0,OK,0,,0,NONE,,,CONNECTED,0,,0,0,0,0,0,0,0,0,0,0,0,0,0,0,0,0,0,0,0,0,0,0,0,0,0,0,0,0,0,0,0,0,,,ERROR,0,-1,-1
E2-CMD-BASE-D01-PCAP,command-baseline,stationary drone; with pcap; independent repetition 1 of 3,WATCH,18731,19,19,19,0,36.6842,33,77,35,18731,0,1,0,0,35,0,35,0,35,0,35,35,0,1,0,battery?,81,OK,cli-watch,,attempt=1|send=OK|raw=81|parsed=OK,executor_call=1|command=battery?|result=OK|response=81|elapsed_ms=35|timing_total_ms=35|recv_wait_ms=35|attempt_log=[attempt=1|send=OK|raw=81|parsed=OK],0,0,0,0,0,0,0,-1,-1,0,0,0,0,0,0,NO_DATA,0,0,0,0,0,0,0,0,0,0,0,0,0,0,0,-1,0,-1,0,0,0,0,0,0,NO_DATA,0,OK,100,0,command=OK,NO_DATA,NO_DATA,OK,NO_DATA,-1,50,0,-1,0,0,0,0,0,0,0,0,0,0,OK,0,,0,NONE,,,CONNECTED,0,,0,0,0,0,0,0,0,0,0,0,0,0,0,0,0,0,0,0,0,0,0,0,0,0,0,0,0,0,0,0,0,0,,,ERROR,0,-1,-1
E2-CMD-BASE-D01-PCAP,command-baseline,stationary drone; with pcap; independent repetition 1 of 3,WATCH,19767,20,20,20,0,36.45,32,77,32,19767,0,1,0,0,32,0,32,0,32,0,32,32,0,1,0,battery?,81,OK,cli-watch,,attempt=1|send=OK|raw=81|parsed=OK,executor_call=1|command=battery?|result=OK|response=81|elapsed_ms=32|timing_total_ms=32|recv_wait_ms=32|attempt_log=[attempt=1|send=OK|raw=81|parsed=OK],0,0,0,0,0,0,0,-1,-1,0,0,0,0,0,0,NO_DATA,0,0,0,0,0,0,0,0,0,0,0,0,0,0,0,-1,0,-1,0,0,0,0,0,0,NO_DATA,0,OK,100,0,command=OK,NO_DATA,NO_DATA,OK,NO_DATA,-1,50,0,-1,0,0,0,0,0,0,0,0,0,0,OK,0,,0,NONE,,,CONNECTED,0,,0,0,0,0,0,0,0,0,0,0,0,0,0,0,0,0,0,0,0,0,0,0,0,0,0,0,0,0,0,0,0,0,,,ERROR,0,-1,-1
E2-CMD-BASE-D01-PCAP,command-baseline,stationary drone; with pcap; independent repetition 1 of 3,WATCH,20803,21,21,21,0,36.2857,32,77,33,20803,0,1,0,0,33,0,33,0,33,0,33,33,0,1,0,battery?,81,OK,cli-watch,,attempt=1|send=OK|raw=81|parsed=OK,executor_call=1|command=battery?|result=OK|response=81|elapsed_ms=33|timing_total_ms=33|recv_wait_ms=33|attempt_log=[attempt=1|send=OK|raw=81|parsed=OK],0,0,0,0,0,0,0,-1,-1,0,0,0,0,0,0,NO_DATA,0,0,0,0,0,0,0,0,0,0,0,0,0,0,0,-1,0,-1,0,0,0,0,0,0,NO_DATA,0,OK,100,0,command=OK,NO_DATA,NO_DATA,OK,NO_DATA,-1,50,0,-1,0,0,0,0,0,0,0,0,0,0,OK,0,,0,NONE,,,CONNECTED,0,,0,0,0,0,0,0,0,0,0,0,0,0,0,0,0,0,0,0,0,0,0,0,0,0,0,0,0,0,0,0,0,0,,,ERROR,0,-1,-1
E2-CMD-BASE-D01-PCAP,command-baseline,stationary drone; with pcap; independent repetition 1 of 3,WATCH,21839,22,22,22,0,36.2273,32,77,35,21839,0,1,0,0,35,0,35,0,35,0,35,35,0,1,0,battery?,81,OK,cli-watch,,attempt=1|send=OK|raw=81|parsed=OK,executor_call=1|command=battery?|result=OK|response=81|elapsed_ms=35|timing_total_ms=35|recv_wait_ms=35|attempt_log=[attempt=1|send=OK|raw=81|parsed=OK],0,0,0,0,0,0,0,-1,-1,0,0,0,0,0,0,NO_DATA,0,0,0,0,0,0,0,0,0,0,0,0,0,0,0,-1,0,-1,0,0,0,0,0,0,NO_DATA,0,OK,100,0,command=OK,NO_DATA,NO_DATA,OK,NO_DATA,-1,50,0,-1,0,0,0,0,0,0,0,0,0,0,OK,0,,0,NONE,,,CONNECTED,0,,0,0,0,0,0,0,0,0,0,0,0,0,0,0,0,0,0,0,0,0,0,0,0,0,0,0,0,0,0,0,0,0,,,ERROR,0,-1,-1
E2-CMD-BASE-D01-PCAP,command-baseline,stationary drone; with pcap; independent repetition 1 of 3,WATCH,22876,23,23,23,0,36.1304,32,77,34,22876,0,1,0,0,34,0,34,0,33,0,33,34,0,1,0,battery?,81,OK,cli-watch,,attempt=1|send=OK|raw=81|parsed=OK,executor_call=1|command=battery?|result=OK|response=81|elapsed_ms=34|timing_total_ms=34|recv_wait_ms=33|attempt_log=[attempt=1|send=OK|raw=81|parsed=OK],0,0,0,0,0,0,0,-1,-1,0,0,0,0,0,0,NO_DATA,0,0,0,0,0,0,0,0,0,0,0,0,0,0,0,-1,0,-1,0,0,0,0,0,0,NO_DATA,0,OK,100,0,command=OK,NO_DATA,NO_DATA,OK,NO_DATA,-1,50,0,-1,0,0,0,0,0,0,0,0,0,0,OK,0,,0,NONE,,,CONNECTED,0,,0,0,0,0,0,0,0,0,0,0,0,0,0,0,0,0,0,0,0,0,0,0,0,0,0,0,0,0,0,0,0,0,,,ERROR,0,-1,-1
E2-CMD-BASE-D01-PCAP,command-baseline,stationary drone; with pcap; independent repetition 1 of 3,WATCH,23912,24,24,24,0,35.9167,31,77,31,23912,0,1,0,0,31,0,31,0,31,0,31,31,0,1,0,battery?,81,OK,cli-watch,,attempt=1|send=OK|raw=81|parsed=OK,executor_call=1|command=battery?|result=OK|response=81|elapsed_ms=31|timing_total_ms=31|recv_wait_ms=31|attempt_log=[attempt=1|send=OK|raw=81|parsed=OK],0,0,0,0,0,0,0,-1,-1,0,0,0,0,0,0,NO_DATA,0,0,0,0,0,0,0,0,0,0,0,0,0,0,0,-1,0,-1,0,0,0,0,0,0,NO_DATA,0,OK,100,0,command=OK,NO_DATA,NO_DATA,OK,NO_DATA,-1,50,0,-1,0,0,0,0,0,0,0,0,0,0,OK,0,,0,NONE,,,CONNECTED,0,,0,0,0,0,0,0,0,0,0,0,0,0,0,0,0,0,0,0,0,0,0,0,0,0,0,0,0,0,0,0,0,0,,,ERROR,0,-1,-1
E2-CMD-BASE-D01-PCAP,command-baseline,stationary drone; with pcap; independent repetition 1 of 3,WATCH,24949,25,25,25,0,35.84,31,77,34,24949,0,1,0,0,34,0,34,0,34,0,34,34,0,1,0,battery?,81,OK,cli-watch,,attempt=1|send=OK|raw=81|parsed=OK,executor_call=1|command=battery?|result=OK|response=81|elapsed_ms=34|timing_total_ms=34|recv_wait_ms=34|attempt_log=[attempt=1|send=OK|raw=81|parsed=OK],0,0,0,0,0,0,0,-1,-1,0,0,0,0,0,0,NO_DATA,0,0,0,0,0,0,0,0,0,0,0,0,0,0,0,-1,0,-1,0,0,0,0,0,0,NO_DATA,0,OK,100,0,command=OK,NO_DATA,NO_DATA,OK,NO_DATA,-1,50,0,-1,0,0,0,0,0,0,0,0,0,0,OK,0,,0,NONE,,,CONNECTED,0,,0,0,0,0,0,0,0,0,0,0,0,0,0,0,0,0,0,0,0,0,0,0,0,0,0,0,0,0,0,0,0,0,,,ERROR,0,-1,-1
E2-CMD-BASE-D01-PCAP,command-baseline,stationary drone; with pcap; independent repetition 1 of 3,WATCH,25986,26,26,26,0,35.6923,31,77,32,25986,0,1,0,0,32,0,32,0,32,0,32,32,0,1,0,battery?,81,OK,cli-watch,,attempt=1|send=OK|raw=81|parsed=OK,executor_call=1|command=battery?|result=OK|response=81|elapsed_ms=32|timing_total_ms=32|recv_wait_ms=32|attempt_log=[attempt=1|send=OK|raw=81|parsed=OK],0,0,0,0,0,0,0,-1,-1,0,0,0,0,0,0,NO_DATA,0,0,0,0,0,0,0,0,0,0,0,0,0,0,0,-1,0,-1,0,0,0,0,0,0,NO_DATA,0,OK,100,0,command=OK,NO_DATA,NO_DATA,OK,NO_DATA,-1,50,0,-1,0,0,0,0,0,0,0,0,0,0,OK,0,,0,NONE,,,CONNECTED,0,,0,0,0,0,0,0,0,0,0,0,0,0,0,0,0,0,0,0,0,0,0,0,0,0,0,0,0,0,0,0,0,0,,,ERROR,0,-1,-1
E2-CMD-BASE-D01-PCAP,command-baseline,stationary drone; with pcap; independent repetition 1 of 3,WATCH,27024,27,27,27,0,35.7037,31,77,36,27024,0,1,0,0,36,0,36,0,36,0,36,36,0,1,0,battery?,81,OK,cli-watch,,attempt=1|send=OK|raw=81|parsed=OK,executor_call=1|command=battery?|result=OK|response=81|elapsed_ms=36|timing_total_ms=36|recv_wait_ms=36|attempt_log=[attempt=1|send=OK|raw=81|parsed=OK],0,0,0,0,0,0,0,-1,-1,0,0,0,0,0,0,NO_DATA,0,0,0,0,0,0,0,0,0,0,0,0,0,0,0,-1,0,-1,0,0,0,0,0,0,NO_DATA,0,OK,100,0,command=OK,NO_DATA,NO_DATA,OK,NO_DATA,-1,50,0,-1,0,0,0,0,0,0,0,0,0,0,OK,0,,0,NONE,,,CONNECTED,0,,0,0,0,0,0,0,0,0,0,0,0,0,0,0,0,0,0,0,0,0,0,0,0,0,0,0,0,0,0,0,0,0,,,ERROR,0,-1,-1
E2-CMD-BASE-D01-PCAP,command-baseline,stationary drone; with pcap; independent repetition 1 of 3,WATCH,28057,28,28,28,0,35.6071,31,77,33,28057,0,1,0,0,33,0,33,0,33,0,33,33,0,1,0,battery?,81,OK,cli-watch,,attempt=1|send=OK|raw=81|parsed=OK,executor_call=1|command=battery?|result=OK|response=81|elapsed_ms=33|timing_total_ms=33|recv_wait_ms=33|attempt_log=[attempt=1|send=OK|raw=81|parsed=OK],0,0,0,0,0,0,0,-1,-1,0,0,0,0,0,0,NO_DATA,0,0,0,0,0,0,0,0,0,0,0,0,0,0,0,-1,0,-1,0,0,0,0,0,0,NO_DATA,0,OK,100,0,command=OK,NO_DATA,NO_DATA,OK,NO_DATA,-1,50,0,-1,0,0,0,0,0,0,0,0,0,0,OK,0,,0,NONE,,,CONNECTED,0,,0,0,0,0,0,0,0,0,0,0,0,0,0,0,0,0,0,0,0,0,0,0,0,0,0,0,0,0,0,0,0,0,,,ERROR,0,-1,-1
E2-CMD-BASE-D01-PCAP,command-baseline,stationary drone; with pcap; independent repetition 1 of 3,WATCH,29094,29,29,29,0,35.5862,31,77,35,29094,0,1,0,0,35,0,35,0,35,0,35,35,0,1,0,battery?,81,OK,cli-watch,,attempt=1|send=OK|raw=81|parsed=OK,executor_call=1|command=battery?|result=OK|response=81|elapsed_ms=35|timing_total_ms=35|recv_wait_ms=35|attempt_log=[attempt=1|send=OK|raw=81|parsed=OK],0,0,0,0,0,0,0,-1,-1,0,0,0,0,0,0,NO_DATA,0,0,0,0,0,0,0,0,0,0,0,0,0,0,0,-1,0,-1,0,0,0,0,0,0,NO_DATA,0,OK,100,0,command=OK,NO_DATA,NO_DATA,OK,NO_DATA,-1,50,0,-1,0,0,0,0,0,0,0,0,0,0,OK,0,,0,NONE,,,CONNECTED,0,,0,0,0,0,0,0,0,0,0,0,0,0,0,0,0,0,0,0,0,0,0,0,0,0,0,0,0,0,0,0,0,0,,,ERROR,0,-1,-1
E2-CMD-BASE-D01-PCAP,command-baseline,stationary drone; with pcap; independent repetition 1 of 3,WATCH,30130,30,30,30,0,35.5667,31,77,35,30130,0,1,0,0,35,0,35,0,35,0,35,35,0,1,0,battery?,81,OK,cli-watch,,attempt=1|send=OK|raw=81|parsed=OK,executor_call=1|command=battery?|result=OK|response=81|elapsed_ms=35|timing_total_ms=35|recv_wait_ms=35|attempt_log=[attempt=1|send=OK|raw=81|parsed=OK],0,0,0,0,0,0,0,-1,-1,0,0,0,0,0,0,NO_DATA,0,0,0,0,0,0,0,0,0,0,0,0,0,0,0,-1,0,-1,0,0,0,0,0,0,NO_DATA,0,OK,100,0,command=OK,NO_DATA,NO_DATA,OK,NO_DATA,-1,50,0,-1,0,0,0,0,0,0,0,0,0,0,OK,0,,0,NONE,,,CONNECTED,0,,0,0,0,0,0,0,0,0,0,0,0,0,0,0,0,0,0,0,0,0,0,0,0,0,0,0,0,0,0,0,0,0,,,ERROR,0,-1,-1
E2-CMD-BASE-D01-PCAP,command-baseline,stationary drone; with pcap; independent repetition 1 of 3,WATCH,31167,31,31,31,0,35.4516,31,77,32,31167,0,1,0,0,32,0,32,0,32,0,32,32,0,1,0,battery?,81,OK,cli-watch,,attempt=1|send=OK|raw=81|parsed=OK,executor_call=1|command=battery?|result=OK|response=81|elapsed_ms=32|timing_total_ms=32|recv_wait_ms=32|attempt_log=[attempt=1|send=OK|raw=81|parsed=OK],0,0,0,0,0,0,0,-1,-1,0,0,0,0,0,0,NO_DATA,0,0,0,0,0,0,0,0,0,0,0,0,0,0,0,-1,0,-1,0,0,0,0,0,0,NO_DATA,0,OK,100,0,command=OK,NO_DATA,NO_DATA,OK,NO_DATA,-1,50,0,-1,0,0,0,0,0,0,0,0,0,0,OK,0,,0,NONE,,,CONNECTED,0,,0,0,0,0,0,0,0,0,0,0,0,0,0,0,0,0,0,0,0,0,0,0,0,0,0,0,0,0,0,0,0,0,,,ERROR,0,-1,-1
E2-CMD-BASE-D01-PCAP,command-baseline,stationary drone; with pcap; independent repetition 1 of 3,WATCH,32203,32,32,32,0,35.375,31,77,33,32203,0,1,0,0,33,0,33,0,33,0,33,33,0,1,0,battery?,81,OK,cli-watch,,attempt=1|send=OK|raw=81|parsed=OK,executor_call=1|command=battery?|result=OK|response=81|elapsed_ms=33|timing_total_ms=33|recv_wait_ms=33|attempt_log=[attempt=1|send=OK|raw=81|parsed=OK],0,0,0,0,0,0,0,-1,-1,0,0,0,0,0,0,NO_DATA,0,0,0,0,0,0,0,0,0,0,0,0,0,0,0,-1,0,-1,0,0,0,0,0,0,NO_DATA,0,OK,100,0,command=OK,NO_DATA,NO_DATA,OK,NO_DATA,-1,50,0,-1,0,0,0,0,0,0,0,0,0,0,OK,0,,0,NONE,,,CONNECTED,0,,0,0,0,0,0,0,0,0,0,0,0,0,0,0,0,0,0,0,0,0,0,0,0,0,0,0,0,0,0,0,0,0,,,ERROR,0,-1,-1
E2-CMD-BASE-D01-PCAP,command-baseline,stationary drone; with pcap; independent repetition 1 of 3,WATCH,33239,33,33,33,0,35.2424,31,77,31,33239,0,1,0,0,31,0,31,0,31,0,31,31,0,1,0,battery?,81,OK,cli-watch,,attempt=1|send=OK|raw=81|parsed=OK,executor_call=1|command=battery?|result=OK|response=81|elapsed_ms=31|timing_total_ms=31|recv_wait_ms=31|attempt_log=[attempt=1|send=OK|raw=81|parsed=OK],0,0,0,0,0,0,0,-1,-1,0,0,0,0,0,0,NO_DATA,0,0,0,0,0,0,0,0,0,0,0,0,0,0,0,-1,0,-1,0,0,0,0,0,0,NO_DATA,0,OK,100,0,command=OK,NO_DATA,NO_DATA,OK,NO_DATA,-1,50,0,-1,0,0,0,0,0,0,0,0,0,0,OK,0,,0,NONE,,,CONNECTED,0,,0,0,0,0,0,0,0,0,0,0,0,0,0,0,0,0,0,0,0,0,0,0,0,0,0,0,0,0,0,0,0,0,,,ERROR,0,-1,-1
E2-CMD-BASE-D01-PCAP,command-baseline,stationary drone; with pcap; independent repetition 1 of 3,WATCH,34275,34,34,34,0,35.2353,31,77,35,34275,0,1,0,0,35,0,35,0,35,0,35,35,0,1,0,battery?,81,OK,cli-watch,,attempt=1|send=OK|raw=81|parsed=OK,executor_call=1|command=battery?|result=OK|response=81|elapsed_ms=35|timing_total_ms=35|recv_wait_ms=35|attempt_log=[attempt=1|send=OK|raw=81|parsed=OK],0,0,0,0,0,0,0,-1,-1,0,0,0,0,0,0,NO_DATA,0,0,0,0,0,0,0,0,0,0,0,0,0,0,0,-1,0,-1,0,0,0,0,0,0,NO_DATA,0,OK,100,0,command=OK,NO_DATA,NO_DATA,OK,NO_DATA,-1,50,0,-1,0,0,0,0,0,0,0,0,0,0,OK,0,,0,NONE,,,CONNECTED,0,,0,0,0,0,0,0,0,0,0,0,0,0,0,0,0,0,0,0,0,0,0,0,0,0,0,0,0,0,0,0,0,0,,,ERROR,0,-1,-1
E2-CMD-BASE-D01-PCAP,command-baseline,stationary drone; with pcap; independent repetition 1 of 3,WATCH,35312,35,35,35,0,35.0857,30,77,30,35312,0,1,0,0,30,0,30,0,30,0,30,30,0,1,0,battery?,81,OK,cli-watch,,attempt=1|send=OK|raw=81|parsed=OK,executor_call=1|command=battery?|result=OK|response=81|elapsed_ms=30|timing_total_ms=30|recv_wait_ms=30|attempt_log=[attempt=1|send=OK|raw=81|parsed=OK],0,0,0,0,0,0,0,-1,-1,0,0,0,0,0,0,NO_DATA,0,0,0,0,0,0,0,0,0,0,0,0,0,0,0,-1,0,-1,0,0,0,0,0,0,NO_DATA,0,OK,100,0,command=OK,NO_DATA,NO_DATA,OK,NO_DATA,-1,50,0,-1,0,0,0,0,0,0,0,0,0,0,OK,0,,0,NONE,,,CONNECTED,0,,0,0,0,0,0,0,0,0,0,0,0,0,0,0,0,0,0,0,0,0,0,0,0,0,0,0,0,0,0,0,0,0,,,ERROR,0,-1,-1
E2-CMD-BASE-D01-PCAP,command-baseline,stationary drone; with pcap; independent repetition 1 of 3,WATCH,36350,36,36,36,0,35.1389,30,77,37,36350,0,1,0,0,37,0,37,0,37,0,37,37,0,1,0,battery?,81,OK,cli-watch,,attempt=1|send=OK|raw=81|parsed=OK,executor_call=1|command=battery?|result=OK|response=81|elapsed_ms=37|timing_total_ms=37|recv_wait_ms=37|attempt_log=[attempt=1|send=OK|raw=81|parsed=OK],0,0,0,0,0,0,0,-1,-1,0,0,0,0,0,0,NO_DATA,0,0,0,0,0,0,0,0,0,0,0,0,0,0,0,-1,0,-1,0,0,0,0,0,0,NO_DATA,0,OK,100,0,command=OK,NO_DATA,NO_DATA,OK,NO_DATA,-1,50,0,-1,0,0,0,0,0,0,0,0,0,0,OK,0,,0,NONE,,,CONNECTED,0,,0,0,0,0,0,0,0,0,0,0,0,0,0,0,0,0,0,0,0,0,0,0,0,0,0,0,0,0,0,0,0,0,,,ERROR,0,-1,-1
E2-CMD-BASE-D01-PCAP,command-baseline,stationary drone; with pcap; independent repetition 1 of 3,WATCH,37385,37,37,37,0,34.973,29,77,29,37385,0,1,0,0,29,0,29,0,29,0,29,29,0,1,0,battery?,81,OK,cli-watch,,attempt=1|send=OK|raw=81|parsed=OK,executor_call=1|command=battery?|result=OK|response=81|elapsed_ms=29|timing_total_ms=29|recv_wait_ms=29|attempt_log=[attempt=1|send=OK|raw=81|parsed=OK],0,0,0,0,0,0,0,-1,-1,0,0,0,0,0,0,NO_DATA,0,0,0,0,0,0,0,0,0,0,0,0,0,0,0,-1,0,-1,0,0,0,0,0,0,NO_DATA,0,OK,100,0,command=OK,NO_DATA,NO_DATA,OK,NO_DATA,-1,50,0,-1,0,0,0,0,0,0,0,0,0,0,OK,0,,0,NONE,,,CONNECTED,0,,0,0,0,0,0,0,0,0,0,0,0,0,0,0,0,0,0,0,0,0,0,0,0,0,0,0,0,0,0,0,0,0,,,ERROR,0,-1,-1
E2-CMD-BASE-D01-PCAP,command-baseline,stationary drone; with pcap; independent repetition 1 of 3,WATCH,38422,38,38,38,0,34.9737,29,77,35,38422,0,1,0,0,35,0,35,0,35,0,35,35,0,1,0,battery?,81,OK,cli-watch,,attempt=1|send=OK|raw=81|parsed=OK,executor_call=1|command=battery?|result=OK|response=81|elapsed_ms=35|timing_total_ms=35|recv_wait_ms=35|attempt_log=[attempt=1|send=OK|raw=81|parsed=OK],0,0,0,0,0,0,0,-1,-1,0,0,0,0,0,0,NO_DATA,0,0,0,0,0,0,0,0,0,0,0,0,0,0,0,-1,0,-1,0,0,0,0,0,0,NO_DATA,0,OK,100,0,command=OK,NO_DATA,NO_DATA,OK,NO_DATA,-1,50,0,-1,0,0,0,0,0,0,0,0,0,0,OK,0,,0,NONE,,,CONNECTED,0,,0,0,0,0,0,0,0,0,0,0,0,0,0,0,0,0,0,0,0,0,0,0,0,0,0,0,0,0,0,0,0,0,,,ERROR,0,-1,-1
E2-CMD-BASE-D01-PCAP,command-baseline,stationary drone; with pcap; independent repetition 1 of 3,WATCH,39458,39,39,39,0,34.8462,29,77,30,39458,0,1,0,0,30,0,30,0,30,0,30,30,0,1,0,battery?,81,OK,cli-watch,,attempt=1|send=OK|raw=81|parsed=OK,executor_call=1|command=battery?|result=OK|response=81|elapsed_ms=30|timing_total_ms=30|recv_wait_ms=30|attempt_log=[attempt=1|send=OK|raw=81|parsed=OK],0,0,0,0,0,0,0,-1,-1,0,0,0,0,0,0,NO_DATA,0,0,0,0,0,0,0,0,0,0,0,0,0,0,0,-1,0,-1,0,0,0,0,0,0,NO_DATA,0,OK,100,0,command=OK,NO_DATA,NO_DATA,OK,NO_DATA,-1,50,0,-1,0,0,0,0,0,0,0,0,0,0,OK,0,,0,NONE,,,CONNECTED,0,,0,0,0,0,0,0,0,0,0,0,0,0,0,0,0,0,0,0,0,0,0,0,0,0,0,0,0,0,0,0,0,0,,,ERROR,0,-1,-1
E2-CMD-BASE-D01-PCAP,command-baseline,stationary drone; with pcap; independent repetition 1 of 3,WATCH,40494,40,40,40,0,34.875,29,77,36,40494,0,1,0,0,36,0,36,0,36,0,36,36,0,1,0,battery?,81,OK,cli-watch,,attempt=1|send=OK|raw=81|parsed=OK,executor_call=1|command=battery?|result=OK|response=81|elapsed_ms=36|timing_total_ms=36|recv_wait_ms=36|attempt_log=[attempt=1|send=OK|raw=81|parsed=OK],0,0,0,0,0,0,0,-1,-1,0,0,0,0,0,0,NO_DATA,0,0,0,0,0,0,0,0,0,0,0,0,0,0,0,-1,0,-1,0,0,0,0,0,0,NO_DATA,0,OK,100,0,command=OK,NO_DATA,NO_DATA,OK,NO_DATA,-1,50,0,-1,0,0,0,0,0,0,0,0,0,0,OK,0,,0,NONE,,,CONNECTED,0,,0,0,0,0,0,0,0,0,0,0,0,0,0,0,0,0,0,0,0,0,0,0,0,0,0,0,0,0,0,0,0,0,,,ERROR,0,-1,-1
E2-CMD-BASE-D01-PCAP,command-baseline,stationary drone; with pcap; independent repetition 1 of 3,WATCH,41530,41,41,41,0,34.878,29,77,35,41530,0,1,0,0,35,0,35,0,35,0,35,35,0,1,0,battery?,81,OK,cli-watch,,attempt=1|send=OK|raw=81|parsed=OK,executor_call=1|command=battery?|result=OK|response=81|elapsed_ms=35|timing_total_ms=35|recv_wait_ms=35|attempt_log=[attempt=1|send=OK|raw=81|parsed=OK],0,0,0,0,0,0,0,-1,-1,0,0,0,0,0,0,NO_DATA,0,0,0,0,0,0,0,0,0,0,0,0,0,0,0,-1,0,-1,0,0,0,0,0,0,NO_DATA,0,OK,100,0,command=OK,NO_DATA,NO_DATA,OK,NO_DATA,-1,50,0,-1,0,0,0,0,0,0,0,0,0,0,OK,0,,0,NONE,,,CONNECTED,0,,0,0,0,0,0,0,0,0,0,0,0,0,0,0,0,0,0,0,0,0,0,0,0,0,0,0,0,0,0,0,0,0,,,ERROR,0,-1,-1
E2-CMD-BASE-D01-PCAP,command-baseline,stationary drone; with pcap; independent repetition 1 of 3,WATCH,42564,42,42,42,0,34.7619,29,77,30,42564,0,1,0,0,30,0,30,0,30,0,30,30,0,1,0,battery?,81,OK,cli-watch,,attempt=1|send=OK|raw=81|parsed=OK,executor_call=1|command=battery?|result=OK|response=81|elapsed_ms=30|timing_total_ms=30|recv_wait_ms=30|attempt_log=[attempt=1|send=OK|raw=81|parsed=OK],0,0,0,0,0,0,0,-1,-1,0,0,0,0,0,0,NO_DATA,0,0,0,0,0,0,0,0,0,0,0,0,0,0,0,-1,0,-1,0,0,0,0,0,0,NO_DATA,0,OK,100,0,command=OK,NO_DATA,NO_DATA,OK,NO_DATA,-1,50,0,-1,0,0,0,0,0,0,0,0,0,0,OK,0,,0,NONE,,,CONNECTED,0,,0,0,0,0,0,0,0,0,0,0,0,0,0,0,0,0,0,0,0,0,0,0,0,0,0,0,0,0,0,0,0,0,,,ERROR,0,-1,-1
E2-CMD-BASE-D01-PCAP,command-baseline,stationary drone; with pcap; independent repetition 1 of 3,WATCH,43598,43,43,43,0,34.7209,29,77,33,43598,0,1,0,0,33,0,33,0,33,0,33,33,0,1,0,battery?,81,OK,cli-watch,,attempt=1|send=OK|raw=81|parsed=OK,executor_call=1|command=battery?|result=OK|response=81|elapsed_ms=33|timing_total_ms=33|recv_wait_ms=33|attempt_log=[attempt=1|send=OK|raw=81|parsed=OK],0,0,0,0,0,0,0,-1,-1,0,0,0,0,0,0,NO_DATA,0,0,0,0,0,0,0,0,0,0,0,0,0,0,0,-1,0,-1,0,0,0,0,0,0,NO_DATA,0,OK,100,0,command=OK,NO_DATA,NO_DATA,OK,NO_DATA,-1,50,0,-1,0,0,0,0,0,0,0,0,0,0,OK,0,,0,NONE,,,CONNECTED,0,,0,0,0,0,0,0,0,0,0,0,0,0,0,0,0,0,0,0,0,0,0,0,0,0,0,0,0,0,0,0,0,0,,,ERROR,0,-1,-1
E2-CMD-BASE-D01-PCAP,command-baseline,stationary drone; with pcap; independent repetition 1 of 3,WATCH,44632,44,44,44,0,34.5455,27,77,27,44632,0,1,0,0,27,0,27,0,27,0,27,27,0,1,0,battery?,81,OK,cli-watch,,attempt=1|send=OK|raw=81|parsed=OK,executor_call=1|command=battery?|result=OK|response=81|elapsed_ms=27|timing_total_ms=27|recv_wait_ms=27|attempt_log=[attempt=1|send=OK|raw=81|parsed=OK],0,0,0,0,0,0,0,-1,-1,0,0,0,0,0,0,NO_DATA,0,0,0,0,0,0,0,0,0,0,0,0,0,0,0,-1,0,-1,0,0,0,0,0,0,NO_DATA,0,OK,100,0,command=OK,NO_DATA,NO_DATA,OK,NO_DATA,-1,50,0,-1,0,0,0,0,0,0,0,0,0,0,OK,0,,0,NONE,,,CONNECTED,0,,0,0,0,0,0,0,0,0,0,0,0,0,0,0,0,0,0,0,0,0,0,0,0,0,0,0,0,0,0,0,0,0,,,ERROR,0,-1,-1
E2-CMD-BASE-D01-PCAP,command-baseline,stationary drone; with pcap; independent repetition 1 of 3,WATCH,45667,45,45,45,0,34.4222,27,77,29,45667,0,1,0,0,29,0,29,0,29,0,29,29,0,1,0,battery?,81,OK,cli-watch,,attempt=1|send=OK|raw=81|parsed=OK,executor_call=1|command=battery?|result=OK|response=81|elapsed_ms=29|timing_total_ms=29|recv_wait_ms=29|attempt_log=[attempt=1|send=OK|raw=81|parsed=OK],0,0,0,0,0,0,0,-1,-1,0,0,0,0,0,0,NO_DATA,0,0,0,0,0,0,0,0,0,0,0,0,0,0,0,-1,0,-1,0,0,0,0,0,0,NO_DATA,0,OK,100,0,command=OK,NO_DATA,NO_DATA,OK,NO_DATA,-1,50,0,-1,0,0,0,0,0,0,0,0,0,0,OK,0,,0,NONE,,,CONNECTED,0,,0,0,0,0,0,0,0,0,0,0,0,0,0,0,0,0,0,0,0,0,0,0,0,0,0,0,0,0,0,0,0,0,,,ERROR,0,-1,-1
E2-CMD-BASE-D01-PCAP,command-baseline,stationary drone; with pcap; independent repetition 1 of 3,WATCH,46701,46,46,46,0,34.3261,27,77,30,46701,0,1,0,0,30,0,30,0,30,0,30,30,0,1,0,battery?,81,OK,cli-watch,,attempt=1|send=OK|raw=81|parsed=OK,executor_call=1|command=battery?|result=OK|response=81|elapsed_ms=30|timing_total_ms=30|recv_wait_ms=30|attempt_log=[attempt=1|send=OK|raw=81|parsed=OK],0,0,0,0,0,0,0,-1,-1,0,0,0,0,0,0,NO_DATA,0,0,0,0,0,0,0,0,0,0,0,0,0,0,0,-1,0,-1,0,0,0,0,0,0,NO_DATA,0,OK,100,0,command=OK,NO_DATA,NO_DATA,OK,NO_DATA,-1,50,0,-1,0,0,0,0,0,0,0,0,0,0,OK,0,,0,NONE,,,CONNECTED,0,,0,0,0,0,0,0,0,0,0,0,0,0,0,0,0,0,0,0,0,0,0,0,0,0,0,0,0,0,0,0,0,0,,,ERROR,0,-1,-1
E2-CMD-BASE-D01-PCAP,command-baseline,stationary drone; with pcap; independent repetition 1 of 3,WATCH,47735,47,47,47,0,34.2766,27,77,32,47735,0,1,0,0,32,0,32,0,32,0,32,32,0,1,0,battery?,81,OK,cli-watch,,attempt=1|send=OK|raw=81|parsed=OK,executor_call=1|command=battery?|result=OK|response=81|elapsed_ms=32|timing_total_ms=32|recv_wait_ms=32|attempt_log=[attempt=1|send=OK|raw=81|parsed=OK],0,0,0,0,0,0,0,-1,-1,0,0,0,0,0,0,NO_DATA,0,0,0,0,0,0,0,0,0,0,0,0,0,0,0,-1,0,-1,0,0,0,0,0,0,NO_DATA,0,OK,100,0,command=OK,NO_DATA,NO_DATA,OK,NO_DATA,-1,50,0,-1,0,0,0,0,0,0,0,0,0,0,OK,0,,0,NONE,,,CONNECTED,0,,0,0,0,0,0,0,0,0,0,0,0,0,0,0,0,0,0,0,0,0,0,0,0,0,0,0,0,0,0,0,0,0,,,ERROR,0,-1,-1
E2-CMD-BASE-D01-PCAP,command-baseline,stationary drone; with pcap; independent repetition 1 of 3,WATCH,48769,48,48,48,0,34.25,27,77,33,48769,0,1,0,0,33,0,33,0,33,0,33,33,0,1,0,battery?,81,OK,cli-watch,,attempt=1|send=OK|raw=81|parsed=OK,executor_call=1|command=battery?|result=OK|response=81|elapsed_ms=33|timing_total_ms=33|recv_wait_ms=33|attempt_log=[attempt=1|send=OK|raw=81|parsed=OK],0,0,0,0,0,0,0,-1,-1,0,0,0,0,0,0,NO_DATA,0,0,0,0,0,0,0,0,0,0,0,0,0,0,0,-1,0,-1,0,0,0,0,0,0,NO_DATA,0,OK,100,0,command=OK,NO_DATA,NO_DATA,OK,NO_DATA,-1,50,0,-1,0,0,0,0,0,0,0,0,0,0,OK,0,,0,NONE,,,CONNECTED,0,,0,0,0,0,0,0,0,0,0,0,0,0,0,0,0,0,0,0,0,0,0,0,0,0,0,0,0,0,0,0,0,0,,,ERROR,0,-1,-1
E2-CMD-BASE-D01-PCAP,command-baseline,stationary drone; with pcap; independent repetition 1 of 3,WATCH,49804,49,49,49,0,34.1429,27,77,29,49804,0,1,0,0,29,0,29,0,29,0,29,29,0,1,0,battery?,81,OK,cli-watch,,attempt=1|send=OK|raw=81|parsed=OK,executor_call=1|command=battery?|result=OK|response=81|elapsed_ms=29|timing_total_ms=29|recv_wait_ms=29|attempt_log=[attempt=1|send=OK|raw=81|parsed=OK],0,0,0,0,0,0,0,-1,-1,0,0,0,0,0,0,NO_DATA,0,0,0,0,0,0,0,0,0,0,0,0,0,0,0,-1,0,-1,0,0,0,0,0,0,NO_DATA,0,OK,100,0,command=OK,NO_DATA,NO_DATA,OK,NO_DATA,-1,50,0,-1,0,0,0,0,0,0,0,0,0,0,OK,0,,0,NONE,,,CONNECTED,0,,0,0,0,0,0,0,0,0,0,0,0,0,0,0,0,0,0,0,0,0,0,0,0,0,0,0,0,0,0,0,0,0,,,ERROR,0,-1,-1
E2-CMD-BASE-D01-PCAP,command-baseline,stationary drone; with pcap; independent repetition 1 of 3,WATCH,50839,50,50,50,0,34.1,27,77,32,50839,0,1,0,0,32,0,32,0,32,0,32,32,0,1,0,battery?,81,OK,cli-watch,,attempt=1|send=OK|raw=81|parsed=OK,executor_call=1|command=battery?|result=OK|response=81|elapsed_ms=32|timing_total_ms=32|recv_wait_ms=32|attempt_log=[attempt=1|send=OK|raw=81|parsed=OK],0,0,0,0,0,0,0,-1,-1,0,0,0,0,0,0,NO_DATA,0,0,0,0,0,0,0,0,0,0,0,0,0,0,0,-1,0,-1,0,0,0,0,0,0,NO_DATA,0,OK,100,0,command=OK,NO_DATA,NO_DATA,OK,NO_DATA,-1,50,0,-1,0,0,0,0,0,0,0,0,0,0,OK,0,,0,NONE,,,CONNECTED,0,,0,0,0,0,0,0,0,0,0,0,0,0,0,0,0,0,0,0,0,0,0,0,0,0,0,0,0,0,0,0,0,0,,,ERROR,0,-1,-1
E2-CMD-BASE-D01-PCAP,command-baseline,stationary drone; with pcap; independent repetition 1 of 3,WATCH,51875,51,51,51,0,34.0196,27,77,30,51875,0,1,0,0,30,0,30,0,30,0,30,30,0,1,0,battery?,81,OK,cli-watch,,attempt=1|send=OK|raw=81|parsed=OK,executor_call=1|command=battery?|result=OK|response=81|elapsed_ms=30|timing_total_ms=30|recv_wait_ms=30|attempt_log=[attempt=1|send=OK|raw=81|parsed=OK],0,0,0,0,0,0,0,-1,-1,0,0,0,0,0,0,NO_DATA,0,0,0,0,0,0,0,0,0,0,0,0,0,0,0,-1,0,-1,0,0,0,0,0,0,NO_DATA,0,OK,100,0,command=OK,NO_DATA,NO_DATA,OK,NO_DATA,-1,50,0,-1,0,0,0,0,0,0,0,0,0,0,OK,0,,0,NONE,,,CONNECTED,0,,0,0,0,0,0,0,0,0,0,0,0,0,0,0,0,0,0,0,0,0,0,0,0,0,0,0,0,0,0,0,0,0,,,ERROR,0,-1,-1
E2-CMD-BASE-D01-PCAP,command-baseline,stationary drone; with pcap; independent repetition 1 of 3,WATCH,52914,52,52,52,0,34.0192,27,77,34,52914,0,1,0,0,34,0,34,0,34,0,34,34,0,1,0,battery?,81,OK,cli-watch,,attempt=1|send=OK|raw=81|parsed=OK,executor_call=1|command=battery?|result=OK|response=81|elapsed_ms=34|timing_total_ms=34|recv_wait_ms=34|attempt_log=[attempt=1|send=OK|raw=81|parsed=OK],0,0,0,0,0,0,0,-1,-1,0,0,0,0,0,0,NO_DATA,0,0,0,0,0,0,0,0,0,0,0,0,0,0,0,-1,0,-1,0,0,0,0,0,0,NO_DATA,0,OK,100,0,command=OK,NO_DATA,NO_DATA,OK,NO_DATA,-1,50,0,-1,0,0,0,0,0,0,0,0,0,0,OK,0,,0,NONE,,,CONNECTED,0,,0,0,0,0,0,0,0,0,0,0,0,0,0,0,0,0,0,0,0,0,0,0,0,0,0,0,0,0,0,0,0,0,,,ERROR,0,-1,-1
E2-CMD-BASE-D01-PCAP,command-baseline,stationary drone; with pcap; independent repetition 1 of 3,WATCH,53946,53,53,53,0,33.8491,25,77,25,53946,0,1,0,0,25,0,25,0,25,0,25,25,0,1,0,battery?,81,OK,cli-watch,,attempt=1|send=OK|raw=81|parsed=OK,executor_call=1|command=battery?|result=OK|response=81|elapsed_ms=25|timing_total_ms=25|recv_wait_ms=25|attempt_log=[attempt=1|send=OK|raw=81|parsed=OK],0,0,0,0,0,0,0,-1,-1,0,0,0,0,0,0,NO_DATA,0,0,0,0,0,0,0,0,0,0,0,0,0,0,0,-1,0,-1,0,0,0,0,0,0,NO_DATA,0,OK,100,0,command=OK,NO_DATA,NO_DATA,OK,NO_DATA,-1,50,0,-1,0,0,0,0,0,0,0,0,0,0,OK,0,,0,NONE,,,CONNECTED,0,,0,0,0,0,0,0,0,0,0,0,0,0,0,0,0,0,0,0,0,0,0,0,0,0,0,0,0,0,0,0,0,0,,,ERROR,0,-1,-1
E2-CMD-BASE-D01-PCAP,command-baseline,stationary drone; with pcap; independent repetition 1 of 3,WATCH,54982,54,54,54,0,33.7778,25,77,30,54982,0,1,0,0,30,0,30,0,30,0,30,30,0,1,0,battery?,81,OK,cli-watch,,attempt=1|send=OK|raw=81|parsed=OK,executor_call=1|command=battery?|result=OK|response=81|elapsed_ms=30|timing_total_ms=30|recv_wait_ms=30|attempt_log=[attempt=1|send=OK|raw=81|parsed=OK],0,0,0,0,0,0,0,-1,-1,0,0,0,0,0,0,NO_DATA,0,0,0,0,0,0,0,0,0,0,0,0,0,0,0,-1,0,-1,0,0,0,0,0,0,NO_DATA,0,OK,100,0,command=OK,NO_DATA,NO_DATA,OK,NO_DATA,-1,50,0,-1,0,0,0,0,0,0,0,0,0,0,OK,0,,0,NONE,,,CONNECTED,0,,0,0,0,0,0,0,0,0,0,0,0,0,0,0,0,0,0,0,0,0,0,0,0,0,0,0,0,0,0,0,0,0,,,ERROR,0,-1,-1
E2-CMD-BASE-D01-PCAP,command-baseline,stationary drone; with pcap; independent repetition 1 of 3,WATCH,56017,55,55,55,0,33.6545,25,77,27,56017,0,1,0,0,27,0,27,0,27,0,27,27,0,1,0,battery?,81,OK,cli-watch,,attempt=1|send=OK|raw=81|parsed=OK,executor_call=1|command=battery?|result=OK|response=81|elapsed_ms=27|timing_total_ms=27|recv_wait_ms=27|attempt_log=[attempt=1|send=OK|raw=81|parsed=OK],0,0,0,0,0,0,0,-1,-1,0,0,0,0,0,0,NO_DATA,0,0,0,0,0,0,0,0,0,0,0,0,0,0,0,-1,0,-1,0,0,0,0,0,0,NO_DATA,0,OK,100,0,command=OK,NO_DATA,NO_DATA,OK,NO_DATA,-1,50,0,-1,0,0,0,0,0,0,0,0,0,0,OK,0,,0,NONE,,,CONNECTED,0,,0,0,0,0,0,0,0,0,0,0,0,0,0,0,0,0,0,0,0,0,0,0,0,0,0,0,0,0,0,0,0,0,,,ERROR,0,-1,-1
E2-CMD-BASE-D01-PCAP,command-baseline,stationary drone; with pcap; independent repetition 1 of 3,WATCH,57053,56,56,56,0,33.5893,25,77,30,57053,0,1,0,0,30,0,30,0,30,0,30,30,0,1,0,battery?,81,OK,cli-watch,,attempt=1|send=OK|raw=81|parsed=OK,executor_call=1|command=battery?|result=OK|response=81|elapsed_ms=30|timing_total_ms=30|recv_wait_ms=30|attempt_log=[attempt=1|send=OK|raw=81|parsed=OK],0,0,0,0,0,0,0,-1,-1,0,0,0,0,0,0,NO_DATA,0,0,0,0,0,0,0,0,0,0,0,0,0,0,0,-1,0,-1,0,0,0,0,0,0,NO_DATA,0,OK,100,0,command=OK,NO_DATA,NO_DATA,OK,NO_DATA,-1,50,0,-1,0,0,0,0,0,0,0,0,0,0,OK,0,,0,NONE,,,CONNECTED,0,,0,0,0,0,0,0,0,0,0,0,0,0,0,0,0,0,0,0,0,0,0,0,0,0,0,0,0,0,0,0,0,0,,,ERROR,0,-1,-1
E2-CMD-BASE-D01-PCAP,command-baseline,stationary drone; with pcap; independent repetition 1 of 3,WATCH,58089,57,57,57,0,33.4912,25,77,28,58089,0,1,0,0,28,0,28,0,28,0,28,28,0,1,0,battery?,81,OK,cli-watch,,attempt=1|send=OK|raw=81|parsed=OK,executor_call=1|command=battery?|result=OK|response=81|elapsed_ms=28|timing_total_ms=28|recv_wait_ms=28|attempt_log=[attempt=1|send=OK|raw=81|parsed=OK],0,0,0,0,0,0,0,-1,-1,0,0,0,0,0,0,NO_DATA,0,0,0,0,0,0,0,0,0,0,0,0,0,0,0,-1,0,-1,0,0,0,0,0,0,NO_DATA,0,OK,100,0,command=OK,NO_DATA,NO_DATA,OK,NO_DATA,-1,50,0,-1,0,0,0,0,0,0,0,0,0,0,OK,0,,0,NONE,,,CONNECTED,0,,0,0,0,0,0,0,0,0,0,0,0,0,0,0,0,0,0,0,0,0,0,0,0,0,0,0,0,0,0,0,0,0,,,ERROR,0,-1,-1
E2-CMD-BASE-D01-PCAP,command-baseline,stationary drone; with pcap; independent repetition 1 of 3,WATCH,59125,58,58,58,0,33.3448,25,77,25,59125,0,1,0,0,25,0,25,0,25,0,25,25,0,1,0,battery?,81,OK,cli-watch,,attempt=1|send=OK|raw=81|parsed=OK,executor_call=1|command=battery?|result=OK|response=81|elapsed_ms=25|timing_total_ms=25|recv_wait_ms=25|attempt_log=[attempt=1|send=OK|raw=81|parsed=OK],0,0,0,0,0,0,0,-1,-1,0,0,0,0,0,0,NO_DATA,0,0,0,0,0,0,0,0,0,0,0,0,0,0,0,-1,0,-1,0,0,0,0,0,0,NO_DATA,0,OK,100,0,command=OK,NO_DATA,NO_DATA,OK,NO_DATA,-1,50,0,-1,0,0,0,0,0,0,0,0,0,0,OK,0,,0,NONE,,,CONNECTED,0,,0,0,0,0,0,0,0,0,0,0,0,0,0,0,0,0,0,0,0,0,0,0,0,0,0,0,0,0,0,0,0,0,,,ERROR,0,-1,-1
E2-CMD-BASE-D01-PCAP,command-baseline,stationary drone; with pcap; independent repetition 1 of 3,WATCH,60162,59,59,59,0,33.2373,25,77,27,60162,0,1,0,0,27,0,27,0,27,0,27,27,0,1,0,battery?,81,OK,cli-watch,,attempt=1|send=OK|raw=81|parsed=OK,executor_call=1|command=battery?|result=OK|response=81|elapsed_ms=27|timing_total_ms=27|recv_wait_ms=27|attempt_log=[attempt=1|send=OK|raw=81|parsed=OK],0,0,0,0,0,0,0,-1,-1,0,0,0,0,0,0,NO_DATA,0,0,0,0,0,0,0,0,0,0,0,0,0,0,0,-1,0,-1,0,0,0,0,0,0,NO_DATA,0,OK,100,0,command=OK,NO_DATA,NO_DATA,OK,NO_DATA,-1,50,0,-1,0,0,0,0,0,0,0,0,0,0,OK,0,,0,NONE,,,CONNECTED,0,,0,0,0,0,0,0,0,0,0,0,0,0,0,0,0,0,0,0,0,0,0,0,0,0,0,0,0,0,0,0,0,0,,,ERROR,0,-1,-1
E2-CMD-BASE-D01-PCAP,command-baseline,stationary drone; with pcap; independent repetition 1 of 3,WATCH,61198,60,60,60,0,33.1667,25,77,29,61198,0,1,0,0,29,0,29,0,29,0,29,29,0,1,0,battery?,81,OK,cli-watch,,attempt=1|send=OK|raw=81|parsed=OK,executor_call=1|command=battery?|result=OK|response=81|elapsed_ms=29|timing_total_ms=29|recv_wait_ms=29|attempt_log=[attempt=1|send=OK|raw=81|parsed=OK],0,0,0,0,0,0,0,-1,-1,0,0,0,0,0,0,NO_DATA,0,0,0,0,0,0,0,0,0,0,0,0,0,0,0,-1,0,-1,0,0,0,0,0,0,NO_DATA,0,OK,100,0,command=OK,NO_DATA,NO_DATA,OK,NO_DATA,-1,50,0,-1,0,0,0,0,0,0,0,0,0,0,OK,0,,0,NONE,,,CONNECTED,0,,0,0,0,0,0,0,0,0,0,0,0,0,0,0,0,0,0,0,0,0,0,0,0,0,0,0,0,0,0,0,0,0,,,ERROR,0,-1,-1
E2-CMD-BASE-D01-PCAP,command-baseline,stationary drone; with pcap; independent repetition 1 of 3,WATCH,64668,61,61,61,0,72.9344,25,2459,2459,64668,0,4,3,3,2459,0,2440,0,51,0,2238,2440,17,2,1,battery?,81,OK,cli-watch,,attempt=1|send=OK|raw=81|parsed=OK,executor_call=1|command=battery?|result=TIMEOUT|response=|elapsed_ms=2389|timing_total_ms=2389|recv_wait_ms=2187|attempt_log=[attempt=1|send=OK|raw=|result=TIMEOUT;attempt=2|send=OK|raw=|result=TIMEOUT;attempt=3|send=OK|raw=|result=TIMEOUT];recovery_call=1|result=OK|elapsed_ms=17;executor_call=2|command=battery?|result=OK|response=81|elapsed_ms=51|timing_total_ms=51|recv_wait_ms=51|attempt_log=[attempt=1|send=OK|raw=81|parsed=OK],0,0,0,0,0,0,0,-1,-1,0,0,0,0,0,0,NO_DATA,0,0,0,0,0,0,0,0,0,0,0,0,0,0,0,-1,0,-1,0,0,0,0,0,0,NO_DATA,0,DEGRADED,60,0,command=DEGRADED,NO_DATA,NO_DATA,DEGRADED,NO_DATA,-1,50,0,-1,0,0,0,0,0,0,0,0,0,0,OK,0,,0,TRANSIENT_LOSS_RECOVERED,,,CONNECTED,0,,0,0,0,0,0,0,0,0,0,0,0,0,0,0,0,0,0,0,0,0,0,0,0,0,0,0,0,0,0,0,0,0,,,ERROR,0,-1,-1
E2-CMD-BASE-D01-PCAP,command-baseline,stationary drone; with pcap; independent repetition 1 of 3,WATCH,65705,62,62,62,0,72.3387,25,2459,36,65705,0,1,0,0,36,0,36,0,35,0,35,36,0,1,0,battery?,81,OK,cli-watch,,attempt=1|send=OK|raw=81|parsed=OK,executor_call=1|command=battery?|result=OK|response=81|elapsed_ms=36|timing_total_ms=36|recv_wait_ms=35|attempt_log=[attempt=1|send=OK|raw=81|parsed=OK],0,0,0,0,0,0,0,-1,-1,0,0,0,0,0,0,NO_DATA,0,0,0,0,0,0,0,0,0,0,0,0,0,0,0,-1,0,-1,0,0,0,0,0,0,NO_DATA,0,OK,100,0,command=OK,NO_DATA,NO_DATA,OK,NO_DATA,-1,50,0,-1,0,0,0,0,0,0,0,0,0,0,OK,0,,0,NONE,,,CONNECTED,0,,0,0,0,0,0,0,0,0,0,0,0,0,0,0,0,0,0,0,0,0,0,0,0,0,0,0,0,0,0,0,0,0,,,ERROR,0,-1,-1
E2-CMD-BASE-D01-PCAP,command-baseline,stationary drone; with pcap; independent repetition 1 of 3,WATCH,66740,63,63,63,0,71.7143,25,2459,33,66740,0,1,0,0,33,0,33,0,33,0,33,33,0,1,0,battery?,81,OK,cli-watch,,attempt=1|send=OK|raw=81|parsed=OK,executor_call=1|command=battery?|result=OK|response=81|elapsed_ms=33|timing_total_ms=33|recv_wait_ms=33|attempt_log=[attempt=1|send=OK|raw=81|parsed=OK],0,0,0,0,0,0,0,-1,-1,0,0,0,0,0,0,NO_DATA,0,0,0,0,0,0,0,0,0,0,0,0,0,0,0,-1,0,-1,0,0,0,0,0,0,NO_DATA,0,OK,100,0,command=OK,NO_DATA,NO_DATA,OK,NO_DATA,-1,50,0,-1,0,0,0,0,0,0,0,0,0,0,OK,0,,0,NONE,,,CONNECTED,0,,0,0,0,0,0,0,0,0,0,0,0,0,0,0,0,0,0,0,0,0,0,0,0,0,0,0,0,0,0,0,0,0,,,ERROR,0,-1,-1
E2-CMD-BASE-D01-PCAP,command-baseline,stationary drone; with pcap; independent repetition 1 of 3,WATCH,67776,64,64,64,0,71.1406,25,2459,35,67776,0,1,0,0,35,0,35,0,35,0,35,35,0,1,0,battery?,81,OK,cli-watch,,attempt=1|send=OK|raw=81|parsed=OK,executor_call=1|command=battery?|result=OK|response=81|elapsed_ms=35|timing_total_ms=35|recv_wait_ms=35|attempt_log=[attempt=1|send=OK|raw=81|parsed=OK],0,0,0,0,0,0,0,-1,-1,0,0,0,0,0,0,NO_DATA,0,0,0,0,0,0,0,0,0,0,0,0,0,0,0,-1,0,-1,0,0,0,0,0,0,NO_DATA,0,OK,100,0,command=OK,NO_DATA,NO_DATA,OK,NO_DATA,-1,50,0,-1,0,0,0,0,0,0,0,0,0,0,OK,0,,0,NONE,,,CONNECTED,0,,0,0,0,0,0,0,0,0,0,0,0,0,0,0,0,0,0,0,0,0,0,0,0,0,0,0,0,0,0,0,0,0,,,ERROR,0,-1,-1
E2-CMD-BASE-D01-PCAP,command-baseline,stationary drone; with pcap; independent repetition 1 of 3,WATCH,68812,65,65,65,0,70.5692,25,2459,34,68812,0,1,0,0,34,0,34,0,34,0,34,34,0,1,0,battery?,80,OK,cli-watch,,attempt=1|send=OK|raw=80|parsed=OK,executor_call=1|command=battery?|result=OK|response=80|elapsed_ms=34|timing_total_ms=34|recv_wait_ms=34|attempt_log=[attempt=1|send=OK|raw=80|parsed=OK],0,0,0,0,0,0,0,-1,-1,0,0,0,0,0,0,NO_DATA,0,0,0,0,0,0,0,0,0,0,0,0,0,0,0,-1,0,-1,0,0,0,0,0,0,NO_DATA,0,OK,100,0,command=OK,NO_DATA,NO_DATA,OK,NO_DATA,-1,50,0,-1,0,0,0,0,0,0,0,0,0,0,OK,0,,0,NONE,,,CONNECTED,0,,0,0,0,0,0,0,0,0,0,0,0,0,0,0,0,0,0,0,0,0,0,0,0,0,0,0,0,0,0,0,0,0,,,ERROR,0,-1,-1
E2-CMD-BASE-D01-PCAP,command-baseline,stationary drone; with pcap; independent repetition 1 of 3,WATCH,69848,66,66,66,0,70.0152,25,2459,34,69848,0,1,0,0,34,0,34,0,34,0,34,34,0,1,0,battery?,80,OK,cli-watch,,attempt=1|send=OK|raw=80|parsed=OK,executor_call=1|command=battery?|result=OK|response=80|elapsed_ms=34|timing_total_ms=34|recv_wait_ms=34|attempt_log=[attempt=1|send=OK|raw=80|parsed=OK],0,0,0,0,0,0,0,-1,-1,0,0,0,0,0,0,NO_DATA,0,0,0,0,0,0,0,0,0,0,0,0,0,0,0,-1,0,-1,0,0,0,0,0,0,NO_DATA,0,OK,100,0,command=OK,NO_DATA,NO_DATA,OK,NO_DATA,-1,50,0,-1,0,0,0,0,0,0,0,0,0,0,OK,0,,0,NONE,,,CONNECTED,0,,0,0,0,0,0,0,0,0,0,0,0,0,0,0,0,0,0,0,0,0,0,0,0,0,0,0,0,0,0,0,0,0,,,ERROR,0,-1,-1
E2-CMD-BASE-D01-PCAP,command-baseline,stationary drone; with pcap; independent repetition 1 of 3,WATCH,70885,67,67,67,0,69.4776,25,2459,34,70885,0,1,0,0,34,0,34,0,34,0,34,34,0,1,0,battery?,80,OK,cli-watch,,attempt=1|send=OK|raw=80|parsed=OK,executor_call=1|command=battery?|result=OK|response=80|elapsed_ms=34|timing_total_ms=34|recv_wait_ms=34|attempt_log=[attempt=1|send=OK|raw=80|parsed=OK],0,0,0,0,0,0,0,-1,-1,0,0,0,0,0,0,NO_DATA,0,0,0,0,0,0,0,0,0,0,0,0,0,0,0,-1,0,-1,0,0,0,0,0,0,NO_DATA,0,OK,100,0,command=OK,NO_DATA,NO_DATA,OK,NO_DATA,-1,50,0,-1,0,0,0,0,0,0,0,0,0,0,OK,0,,0,NONE,,,CONNECTED,0,,0,0,0,0,0,0,0,0,0,0,0,0,0,0,0,0,0,0,0,0,0,0,0,0,0,0,0,0,0,0,0,0,,,ERROR,0,-1,-1
E2-CMD-BASE-D01-PCAP,command-baseline,stationary drone; with pcap; independent repetition 1 of 3,WATCH,71921,68,68,68,0,68.9559,25,2459,34,71921,0,1,0,0,34,0,34,0,34,0,34,34,0,1,0,battery?,80,OK,cli-watch,,attempt=1|send=OK|raw=80|parsed=OK,executor_call=1|command=battery?|result=OK|response=80|elapsed_ms=34|timing_total_ms=34|recv_wait_ms=34|attempt_log=[attempt=1|send=OK|raw=80|parsed=OK],0,0,0,0,0,0,0,-1,-1,0,0,0,0,0,0,NO_DATA,0,0,0,0,0,0,0,0,0,0,0,0,0,0,0,-1,0,-1,0,0,0,0,0,0,NO_DATA,0,OK,100,0,command=OK,NO_DATA,NO_DATA,OK,NO_DATA,-1,50,0,-1,0,0,0,0,0,0,0,0,0,0,OK,0,,0,NONE,,,CONNECTED,0,,0,0,0,0,0,0,0,0,0,0,0,0,0,0,0,0,0,0,0,0,0,0,0,0,0,0,0,0,0,0,0,0,,,ERROR,0,-1,-1
E2-CMD-BASE-D01-PCAP,command-baseline,stationary drone; with pcap; independent repetition 1 of 3,WATCH,72957,69,69,69,0,68.4348,25,2459,33,72957,0,1,0,0,33,0,33,0,33,0,33,33,0,1,0,battery?,80,OK,cli-watch,,attempt=1|send=OK|raw=80|parsed=OK,executor_call=1|command=battery?|result=OK|response=80|elapsed_ms=33|timing_total_ms=33|recv_wait_ms=33|attempt_log=[attempt=1|send=OK|raw=80|parsed=OK],0,0,0,0,0,0,0,-1,-1,0,0,0,0,0,0,NO_DATA,0,0,0,0,0,0,0,0,0,0,0,0,0,0,0,-1,0,-1,0,0,0,0,0,0,NO_DATA,0,OK,100,0,command=OK,NO_DATA,NO_DATA,OK,NO_DATA,-1,50,0,-1,0,0,0,0,0,0,0,0,0,0,OK,0,,0,NONE,,,CONNECTED,0,,0,0,0,0,0,0,0,0,0,0,0,0,0,0,0,0,0,0,0,0,0,0,0,0,0,0,0,0,0,0,0,0,,,ERROR,0,-1,-1
E2-CMD-BASE-D01-PCAP,command-baseline,stationary drone; with pcap; independent repetition 1 of 3,WATCH,73992,70,70,70,0,67.9286,25,2459,33,73992,0,1,0,0,33,0,33,0,33,0,33,33,0,1,0,battery?,80,OK,cli-watch,,attempt=1|send=OK|raw=80|parsed=OK,executor_call=1|command=battery?|result=OK|response=80|elapsed_ms=33|timing_total_ms=33|recv_wait_ms=33|attempt_log=[attempt=1|send=OK|raw=80|parsed=OK],0,0,0,0,0,0,0,-1,-1,0,0,0,0,0,0,NO_DATA,0,0,0,0,0,0,0,0,0,0,0,0,0,0,0,-1,0,-1,0,0,0,0,0,0,NO_DATA,0,OK,100,0,command=OK,NO_DATA,NO_DATA,OK,NO_DATA,-1,50,0,-1,0,0,0,0,0,0,0,0,0,0,OK,0,,0,NONE,,,CONNECTED,0,,0,0,0,0,0,0,0,0,0,0,0,0,0,0,0,0,0,0,0,0,0,0,0,0,0,0,0,0,0,0,0,0,,,ERROR,0,-1,-1
E2-CMD-BASE-D01-PCAP,command-baseline,stationary drone; with pcap; independent repetition 1 of 3,WATCH,75028,71,71,71,0,67.4366,25,2459,33,75028,0,1,0,0,33,0,33,0,33,0,33,33,0,1,0,battery?,80,OK,cli-watch,,attempt=1|send=OK|raw=80|parsed=OK,executor_call=1|command=battery?|result=OK|response=80|elapsed_ms=33|timing_total_ms=33|recv_wait_ms=33|attempt_log=[attempt=1|send=OK|raw=80|parsed=OK],0,0,0,0,0,0,0,-1,-1,0,0,0,0,0,0,NO_DATA,0,0,0,0,0,0,0,0,0,0,0,0,0,0,0,-1,0,-1,0,0,0,0,0,0,NO_DATA,0,OK,100,0,command=OK,NO_DATA,NO_DATA,OK,NO_DATA,-1,50,0,-1,0,0,0,0,0,0,0,0,0,0,OK,0,,0,NONE,,,CONNECTED,0,,0,0,0,0,0,0,0,0,0,0,0,0,0,0,0,0,0,0,0,0,0,0,0,0,0,0,0,0,0,0,0,0,,,ERROR,0,-1,-1
E2-CMD-BASE-D01-PCAP,command-baseline,stationary drone; with pcap; independent repetition 1 of 3,WATCH,76065,72,72,72,0,66.9722,25,2459,34,76065,0,1,0,0,34,0,34,0,34,0,34,34,0,1,0,battery?,80,OK,cli-watch,,attempt=1|send=OK|raw=80|parsed=OK,executor_call=1|command=battery?|result=OK|response=80|elapsed_ms=34|timing_total_ms=34|recv_wait_ms=34|attempt_log=[attempt=1|send=OK|raw=80|parsed=OK],0,0,0,0,0,0,0,-1,-1,0,0,0,0,0,0,NO_DATA,0,0,0,0,0,0,0,0,0,0,0,0,0,0,0,-1,0,-1,0,0,0,0,0,0,NO_DATA,0,OK,100,0,command=OK,NO_DATA,NO_DATA,OK,NO_DATA,-1,50,0,-1,0,0,0,0,0,0,0,0,0,0,OK,0,,0,NONE,,,CONNECTED,0,,0,0,0,0,0,0,0,0,0,0,0,0,0,0,0,0,0,0,0,0,0,0,0,0,0,0,0,0,0,0,0,0,,,ERROR,0,-1,-1
E2-CMD-BASE-D01-PCAP,command-baseline,stationary drone; with pcap; independent repetition 1 of 3,WATCH,77100,73,73,73,0,66.4795,25,2459,31,77100,0,1,0,0,31,0,31,0,31,0,31,31,0,1,0,battery?,80,OK,cli-watch,,attempt=1|send=OK|raw=80|parsed=OK,executor_call=1|command=battery?|result=OK|response=80|elapsed_ms=31|timing_total_ms=31|recv_wait_ms=31|attempt_log=[attempt=1|send=OK|raw=80|parsed=OK],0,0,0,0,0,0,0,-1,-1,0,0,0,0,0,0,NO_DATA,0,0,0,0,0,0,0,0,0,0,0,0,0,0,0,-1,0,-1,0,0,0,0,0,0,NO_DATA,0,OK,100,0,command=OK,NO_DATA,NO_DATA,OK,NO_DATA,-1,50,0,-1,0,0,0,0,0,0,0,0,0,0,OK,0,,0,NONE,,,CONNECTED,0,,0,0,0,0,0,0,0,0,0,0,0,0,0,0,0,0,0,0,0,0,0,0,0,0,0,0,0,0,0,0,0,0,,,ERROR,0,-1,-1
E2-CMD-BASE-D01-PCAP,command-baseline,stationary drone; with pcap; independent repetition 1 of 3,WATCH,78135,74,74,74,0,66.0135,25,2459,32,78135,0,1,0,0,32,0,32,0,32,0,32,32,0,1,0,battery?,80,OK,cli-watch,,attempt=1|send=OK|raw=80|parsed=OK,executor_call=1|command=battery?|result=OK|response=80|elapsed_ms=32|timing_total_ms=32|recv_wait_ms=32|attempt_log=[attempt=1|send=OK|raw=80|parsed=OK],0,0,0,0,0,0,0,-1,-1,0,0,0,0,0,0,NO_DATA,0,0,0,0,0,0,0,0,0,0,0,0,0,0,0,-1,0,-1,0,0,0,0,0,0,NO_DATA,0,OK,100,0,command=OK,NO_DATA,NO_DATA,OK,NO_DATA,-1,50,0,-1,0,0,0,0,0,0,0,0,0,0,OK,0,,0,NONE,,,CONNECTED,0,,0,0,0,0,0,0,0,0,0,0,0,0,0,0,0,0,0,0,0,0,0,0,0,0,0,0,0,0,0,0,0,0,,,ERROR,0,-1,-1
E2-CMD-BASE-D01-PCAP,command-baseline,stationary drone; with pcap; independent repetition 1 of 3,WATCH,79171,75,75,75,0,65.6,25,2459,35,79171,0,1,0,0,35,0,35,0,34,0,34,35,0,1,0,battery?,80,OK,cli-watch,,attempt=1|send=OK|raw=80|parsed=OK,executor_call=1|command=battery?|result=OK|response=80|elapsed_ms=35|timing_total_ms=35|recv_wait_ms=34|attempt_log=[attempt=1|send=OK|raw=80|parsed=OK],0,0,0,0,0,0,0,-1,-1,0,0,0,0,0,0,NO_DATA,0,0,0,0,0,0,0,0,0,0,0,0,0,0,0,-1,0,-1,0,0,0,0,0,0,NO_DATA,0,OK,100,0,command=OK,NO_DATA,NO_DATA,OK,NO_DATA,-1,50,0,-1,0,0,0,0,0,0,0,0,0,0,OK,0,,0,NONE,,,CONNECTED,0,,0,0,0,0,0,0,0,0,0,0,0,0,0,0,0,0,0,0,0,0,0,0,0,0,0,0,0,0,0,0,0,0,,,ERROR,0,-1,-1
E2-CMD-BASE-D01-PCAP,command-baseline,stationary drone; with pcap; independent repetition 1 of 3,WATCH,80208,76,76,76,0,65.1711,25,2459,33,80208,0,1,0,0,33,0,33,0,33,0,33,33,0,1,0,battery?,80,OK,cli-watch,,attempt=1|send=OK|raw=80|parsed=OK,executor_call=1|command=battery?|result=OK|response=80|elapsed_ms=33|timing_total_ms=33|recv_wait_ms=33|attempt_log=[attempt=1|send=OK|raw=80|parsed=OK],0,0,0,0,0,0,0,-1,-1,0,0,0,0,0,0,NO_DATA,0,0,0,0,0,0,0,0,0,0,0,0,0,0,0,-1,0,-1,0,0,0,0,0,0,NO_DATA,0,OK,100,0,command=OK,NO_DATA,NO_DATA,OK,NO_DATA,-1,50,0,-1,0,0,0,0,0,0,0,0,0,0,OK,0,,0,NONE,,,CONNECTED,0,,0,0,0,0,0,0,0,0,0,0,0,0,0,0,0,0,0,0,0,0,0,0,0,0,0,0,0,0,0,0,0,0,,,ERROR,0,-1,-1
E2-CMD-BASE-D01-PCAP,command-baseline,stationary drone; with pcap; independent repetition 1 of 3,WATCH,81242,77,77,77,0,64.7143,25,2459,30,81242,0,1,0,0,30,0,30,0,30,0,30,30,0,1,0,battery?,80,OK,cli-watch,,attempt=1|send=OK|raw=80|parsed=OK,executor_call=1|command=battery?|result=OK|response=80|elapsed_ms=30|timing_total_ms=30|recv_wait_ms=30|attempt_log=[attempt=1|send=OK|raw=80|parsed=OK],0,0,0,0,0,0,0,-1,-1,0,0,0,0,0,0,NO_DATA,0,0,0,0,0,0,0,0,0,0,0,0,0,0,0,-1,0,-1,0,0,0,0,0,0,NO_DATA,0,OK,100,0,command=OK,NO_DATA,NO_DATA,OK,NO_DATA,-1,50,0,-1,0,0,0,0,0,0,0,0,0,0,OK,0,,0,NONE,,,CONNECTED,0,,0,0,0,0,0,0,0,0,0,0,0,0,0,0,0,0,0,0,0,0,0,0,0,0,0,0,0,0,0,0,0,0,,,ERROR,0,-1,-1
E2-CMD-BASE-D01-PCAP,command-baseline,stationary drone; with pcap; independent repetition 1 of 3,WATCH,82278,78,78,78,0,64.2821,25,2459,31,82278,0,1,0,0,31,0,31,0,31,0,31,31,0,1,0,battery?,80,OK,cli-watch,,attempt=1|send=OK|raw=80|parsed=OK,executor_call=1|command=battery?|result=OK|response=80|elapsed_ms=31|timing_total_ms=31|recv_wait_ms=31|attempt_log=[attempt=1|send=OK|raw=80|parsed=OK],0,0,0,0,0,0,0,-1,-1,0,0,0,0,0,0,NO_DATA,0,0,0,0,0,0,0,0,0,0,0,0,0,0,0,-1,0,-1,0,0,0,0,0,0,NO_DATA,0,OK,100,0,command=OK,NO_DATA,NO_DATA,OK,NO_DATA,-1,50,0,-1,0,0,0,0,0,0,0,0,0,0,OK,0,,0,NONE,,,CONNECTED,0,,0,0,0,0,0,0,0,0,0,0,0,0,0,0,0,0,0,0,0,0,0,0,0,0,0,0,0,0,0,0,0,0,,,ERROR,0,-1,-1
E2-CMD-BASE-D01-PCAP,command-baseline,stationary drone; with pcap; independent repetition 1 of 3,WATCH,83315,79,79,79,0,63.9114,25,2459,35,83315,0,1,0,0,35,0,35,0,35,0,35,35,0,1,0,battery?,80,OK,cli-watch,,attempt=1|send=OK|raw=80|parsed=OK,executor_call=1|command=battery?|result=OK|response=80|elapsed_ms=35|timing_total_ms=35|recv_wait_ms=35|attempt_log=[attempt=1|send=OK|raw=80|parsed=OK],0,0,0,0,0,0,0,-1,-1,0,0,0,0,0,0,NO_DATA,0,0,0,0,0,0,0,0,0,0,0,0,0,0,0,-1,0,-1,0,0,0,0,0,0,NO_DATA,0,OK,100,0,command=OK,NO_DATA,NO_DATA,OK,NO_DATA,-1,50,0,-1,0,0,0,0,0,0,0,0,0,0,OK,0,,0,NONE,,,CONNECTED,0,,0,0,0,0,0,0,0,0,0,0,0,0,0,0,0,0,0,0,0,0,0,0,0,0,0,0,0,0,0,0,0,0,,,ERROR,0,-1,-1
E2-CMD-BASE-D01-PCAP,command-baseline,stationary drone; with pcap; independent repetition 1 of 3,WATCH,84351,80,80,80,0,63.5375,25,2459,34,84351,0,1,0,0,34,0,34,0,34,0,34,34,0,1,0,battery?,80,OK,cli-watch,,attempt=1|send=OK|raw=80|parsed=OK,executor_call=1|command=battery?|result=OK|response=80|elapsed_ms=34|timing_total_ms=34|recv_wait_ms=34|attempt_log=[attempt=1|send=OK|raw=80|parsed=OK],0,0,0,0,0,0,0,-1,-1,0,0,0,0,0,0,NO_DATA,0,0,0,0,0,0,0,0,0,0,0,0,0,0,0,-1,0,-1,0,0,0,0,0,0,NO_DATA,0,OK,100,0,command=OK,NO_DATA,NO_DATA,OK,NO_DATA,-1,50,0,-1,0,0,0,0,0,0,0,0,0,0,OK,0,,0,NONE,,,CONNECTED,0,,0,0,0,0,0,0,0,0,0,0,0,0,0,0,0,0,0,0,0,0,0,0,0,0,0,0,0,0,0,0,0,0,,,ERROR,0,-1,-1
E2-CMD-BASE-D01-PCAP,command-baseline,stationary drone; with pcap; independent repetition 1 of 3,WATCH,85388,81,81,81,0,63.1728,25,2459,34,85388,0,1,0,0,34,0,34,0,34,0,34,34,0,1,0,battery?,80,OK,cli-watch,,attempt=1|send=OK|raw=80|parsed=OK,executor_call=1|command=battery?|result=OK|response=80|elapsed_ms=34|timing_total_ms=34|recv_wait_ms=34|attempt_log=[attempt=1|send=OK|raw=80|parsed=OK],0,0,0,0,0,0,0,-1,-1,0,0,0,0,0,0,NO_DATA,0,0,0,0,0,0,0,0,0,0,0,0,0,0,0,-1,0,-1,0,0,0,0,0,0,NO_DATA,0,OK,100,0,command=OK,NO_DATA,NO_DATA,OK,NO_DATA,-1,50,0,-1,0,0,0,0,0,0,0,0,0,0,OK,0,,0,NONE,,,CONNECTED,0,,0,0,0,0,0,0,0,0,0,0,0,0,0,0,0,0,0,0,0,0,0,0,0,0,0,0,0,0,0,0,0,0,,,ERROR,0,-1,-1
E2-CMD-BASE-D01-PCAP,command-baseline,stationary drone; with pcap; independent repetition 1 of 3,WATCH,86424,82,82,82,0,62.8293,25,2459,35,86424,0,1,0,0,35,0,35,0,35,0,35,35,0,1,0,battery?,80,OK,cli-watch,,attempt=1|send=OK|raw=80|parsed=OK,executor_call=1|command=battery?|result=OK|response=80|elapsed_ms=35|timing_total_ms=35|recv_wait_ms=35|attempt_log=[attempt=1|send=OK|raw=80|parsed=OK],0,0,0,0,0,0,0,-1,-1,0,0,0,0,0,0,NO_DATA,0,0,0,0,0,0,0,0,0,0,0,0,0,0,0,-1,0,-1,0,0,0,0,0,0,NO_DATA,0,OK,100,0,command=OK,NO_DATA,NO_DATA,OK,NO_DATA,-1,50,0,-1,0,0,0,0,0,0,0,0,0,0,OK,0,,0,NONE,,,CONNECTED,0,,0,0,0,0,0,0,0,0,0,0,0,0,0,0,0,0,0,0,0,0,0,0,0,0,0,0,0,0,0,0,0,0,,,ERROR,0,-1,-1
E2-CMD-BASE-D01-PCAP,command-baseline,stationary drone; with pcap; independent repetition 1 of 3,WATCH,87461,83,83,83,0,62.4819,25,2459,34,87461,0,1,0,0,34,0,34,0,34,0,34,34,0,1,0,battery?,80,OK,cli-watch,,attempt=1|send=OK|raw=80|parsed=OK,executor_call=1|command=battery?|result=OK|response=80|elapsed_ms=34|timing_total_ms=34|recv_wait_ms=34|attempt_log=[attempt=1|send=OK|raw=80|parsed=OK],0,0,0,0,0,0,0,-1,-1,0,0,0,0,0,0,NO_DATA,0,0,0,0,0,0,0,0,0,0,0,0,0,0,0,-1,0,-1,0,0,0,0,0,0,NO_DATA,0,OK,100,0,command=OK,NO_DATA,NO_DATA,OK,NO_DATA,-1,50,0,-1,0,0,0,0,0,0,0,0,0,0,OK,0,,0,NONE,,,CONNECTED,0,,0,0,0,0,0,0,0,0,0,0,0,0,0,0,0,0,0,0,0,0,0,0,0,0,0,0,0,0,0,0,0,0,,,ERROR,0,-1,-1
E2-CMD-BASE-D01-PCAP,command-baseline,stationary drone; with pcap; independent repetition 1 of 3,WATCH,88498,84,84,84,0,62.1667,25,2459,36,88498,0,1,0,0,36,0,36,0,36,0,36,36,0,1,0,battery?,80,OK,cli-watch,,attempt=1|send=OK|raw=80|parsed=OK,executor_call=1|command=battery?|result=OK|response=80|elapsed_ms=36|timing_total_ms=36|recv_wait_ms=36|attempt_log=[attempt=1|send=OK|raw=80|parsed=OK],0,0,0,0,0,0,0,-1,-1,0,0,0,0,0,0,NO_DATA,0,0,0,0,0,0,0,0,0,0,0,0,0,0,0,-1,0,-1,0,0,0,0,0,0,NO_DATA,0,OK,100,0,command=OK,NO_DATA,NO_DATA,OK,NO_DATA,-1,50,0,-1,0,0,0,0,0,0,0,0,0,0,OK,0,,0,NONE,,,CONNECTED,0,,0,0,0,0,0,0,0,0,0,0,0,0,0,0,0,0,0,0,0,0,0,0,0,0,0,0,0,0,0,0,0,0,,,ERROR,0,-1,-1
E2-CMD-BASE-D01-PCAP,command-baseline,stationary drone; with pcap; independent repetition 1 of 3,WATCH,89534,85,85,85,0,61.8471,25,2459,35,89534,0,1,0,0,35,0,35,0,35,0,35,35,0,1,0,battery?,80,OK,cli-watch,,attempt=1|send=OK|raw=80|parsed=OK,executor_call=1|command=battery?|result=OK|response=80|elapsed_ms=35|timing_total_ms=35|recv_wait_ms=35|attempt_log=[attempt=1|send=OK|raw=80|parsed=OK],0,0,0,0,0,0,0,-1,-1,0,0,0,0,0,0,NO_DATA,0,0,0,0,0,0,0,0,0,0,0,0,0,0,0,-1,0,-1,0,0,0,0,0,0,NO_DATA,0,OK,100,0,command=OK,NO_DATA,NO_DATA,OK,NO_DATA,-1,50,0,-1,0,0,0,0,0,0,0,0,0,0,OK,0,,0,NONE,,,CONNECTED,0,,0,0,0,0,0,0,0,0,0,0,0,0,0,0,0,0,0,0,0,0,0,0,0,0,0,0,0,0,0,0,0,0,,,ERROR,0,-1,-1
E2-CMD-BASE-D01-PCAP,command-baseline,stationary drone; with pcap; independent repetition 1 of 3,WATCH,90573,86,86,86,0,61.5581,25,2459,37,90573,0,1,0,0,37,0,37,0,37,0,37,37,0,1,0,battery?,80,OK,cli-watch,,attempt=1|send=OK|raw=80|parsed=OK,executor_call=1|command=battery?|result=OK|response=80|elapsed_ms=37|timing_total_ms=37|recv_wait_ms=37|attempt_log=[attempt=1|send=OK|raw=80|parsed=OK],0,0,0,0,0,0,0,-1,-1,0,0,0,0,0,0,NO_DATA,0,0,0,0,0,0,0,0,0,0,0,0,0,0,0,-1,0,-1,0,0,0,0,0,0,NO_DATA,0,OK,100,0,command=OK,NO_DATA,NO_DATA,OK,NO_DATA,-1,50,0,-1,0,0,0,0,0,0,0,0,0,0,OK,0,,0,NONE,,,CONNECTED,0,,0,0,0,0,0,0,0,0,0,0,0,0,0,0,0,0,0,0,0,0,0,0,0,0,0,0,0,0,0,0,0,0,,,ERROR,0,-1,-1
E2-CMD-BASE-D01-PCAP,command-baseline,stationary drone; with pcap; independent repetition 1 of 3,WATCH,91608,87,87,87,0,61.2299,25,2459,33,91608,0,1,0,0,33,0,33,0,33,0,33,33,0,1,0,battery?,80,OK,cli-watch,,attempt=1|send=OK|raw=80|parsed=OK,executor_call=1|command=battery?|result=OK|response=80|elapsed_ms=33|timing_total_ms=33|recv_wait_ms=33|attempt_log=[attempt=1|send=OK|raw=80|parsed=OK],0,0,0,0,0,0,0,-1,-1,0,0,0,0,0,0,NO_DATA,0,0,0,0,0,0,0,0,0,0,0,0,0,0,0,-1,0,-1,0,0,0,0,0,0,NO_DATA,0,OK,100,0,command=OK,NO_DATA,NO_DATA,OK,NO_DATA,-1,50,0,-1,0,0,0,0,0,0,0,0,0,0,OK,0,,0,NONE,,,CONNECTED,0,,0,0,0,0,0,0,0,0,0,0,0,0,0,0,0,0,0,0,0,0,0,0,0,0,0,0,0,0,0,0,0,0,,,ERROR,0,-1,-1
E2-CMD-BASE-D01-PCAP,command-baseline,stationary drone; with pcap; independent repetition 1 of 3,WATCH,92644,88,88,88,0,60.8409,25,2459,27,92644,0,1,0,0,27,0,27,0,27,0,27,27,0,1,0,battery?,80,OK,cli-watch,,attempt=1|send=OK|raw=80|parsed=OK,executor_call=1|command=battery?|result=OK|response=80|elapsed_ms=27|timing_total_ms=27|recv_wait_ms=27|attempt_log=[attempt=1|send=OK|raw=80|parsed=OK],0,0,0,0,0,0,0,-1,-1,0,0,0,0,0,0,NO_DATA,0,0,0,0,0,0,0,0,0,0,0,0,0,0,0,-1,0,-1,0,0,0,0,0,0,NO_DATA,0,OK,100,0,command=OK,NO_DATA,NO_DATA,OK,NO_DATA,-1,50,0,-1,0,0,0,0,0,0,0,0,0,0,OK,0,,0,NONE,,,CONNECTED,0,,0,0,0,0,0,0,0,0,0,0,0,0,0,0,0,0,0,0,0,0,0,0,0,0,0,0,0,0,0,0,0,0,,,ERROR,0,-1,-1
E2-CMD-BASE-D01-PCAP,command-baseline,stationary drone; with pcap; independent repetition 1 of 3,WATCH,93683,89,89,89,0,60.4045,22,2459,22,93683,0,1,0,0,22,0,22,0,22,0,22,22,0,1,0,battery?,80,OK,cli-watch,,attempt=1|send=OK|raw=80|parsed=OK,executor_call=1|command=battery?|result=OK|response=80|elapsed_ms=22|timing_total_ms=22|recv_wait_ms=22|attempt_log=[attempt=1|send=OK|raw=80|parsed=OK],0,0,0,0,0,0,0,-1,-1,0,0,0,0,0,0,NO_DATA,0,0,0,0,0,0,0,0,0,0,0,0,0,0,0,-1,0,-1,0,0,0,0,0,0,NO_DATA,0,OK,100,0,command=OK,NO_DATA,NO_DATA,OK,NO_DATA,-1,50,0,-1,0,0,0,0,0,0,0,0,0,0,OK,0,,0,NONE,,,CONNECTED,0,,0,0,0,0,0,0,0,0,0,0,0,0,0,0,0,0,0,0,0,0,0,0,0,0,0,0,0,0,0,0,0,0,,,ERROR,0,-1,-1
E2-CMD-BASE-D01-PCAP,command-baseline,stationary drone; with pcap; independent repetition 1 of 3,WATCH,94719,90,90,90,0,60.0667,22,2459,30,94719,0,1,0,0,30,0,30,0,30,0,30,30,0,1,0,battery?,80,OK,cli-watch,,attempt=1|send=OK|raw=80|parsed=OK,executor_call=1|command=battery?|result=OK|response=80|elapsed_ms=30|timing_total_ms=30|recv_wait_ms=30|attempt_log=[attempt=1|send=OK|raw=80|parsed=OK],0,0,0,0,0,0,0,-1,-1,0,0,0,0,0,0,NO_DATA,0,0,0,0,0,0,0,0,0,0,0,0,0,0,0,-1,0,-1,0,0,0,0,0,0,NO_DATA,0,OK,100,0,command=OK,NO_DATA,NO_DATA,OK,NO_DATA,-1,50,0,-1,0,0,0,0,0,0,0,0,0,0,OK,0,,0,NONE,,,CONNECTED,0,,0,0,0,0,0,0,0,0,0,0,0,0,0,0,0,0,0,0,0,0,0,0,0,0,0,0,0,0,0,0,0,0,,,ERROR,0,-1,-1
E2-CMD-BASE-D01-PCAP,command-baseline,stationary drone; with pcap; independent repetition 1 of 3,WATCH,95756,91,91,91,0,59.7802,22,2459,34,95756,0,1,0,0,34,0,34,0,34,0,34,34,0,1,0,battery?,80,OK,cli-watch,,attempt=1|send=OK|raw=80|parsed=OK,executor_call=1|command=battery?|result=OK|response=80|elapsed_ms=34|timing_total_ms=34|recv_wait_ms=34|attempt_log=[attempt=1|send=OK|raw=80|parsed=OK],0,0,0,0,0,0,0,-1,-1,0,0,0,0,0,0,NO_DATA,0,0,0,0,0,0,0,0,0,0,0,0,0,0,0,-1,0,-1,0,0,0,0,0,0,NO_DATA,0,OK,100,0,command=OK,NO_DATA,NO_DATA,OK,NO_DATA,-1,50,0,-1,0,0,0,0,0,0,0,0,0,0,OK,0,,0,NONE,,,CONNECTED,0,,0,0,0,0,0,0,0,0,0,0,0,0,0,0,0,0,0,0,0,0,0,0,0,0,0,0,0,0,0,0,0,0,,,ERROR,0,-1,-1
E2-CMD-BASE-D01-PCAP,command-baseline,stationary drone; with pcap; independent repetition 1 of 3,WATCH,96793,92,92,92,0,59.5,22,2459,34,96793,0,1,0,0,34,0,34,0,34,0,34,34,0,1,0,battery?,80,OK,cli-watch,,attempt=1|send=OK|raw=80|parsed=OK,executor_call=1|command=battery?|result=OK|response=80|elapsed_ms=34|timing_total_ms=34|recv_wait_ms=34|attempt_log=[attempt=1|send=OK|raw=80|parsed=OK],0,0,0,0,0,0,0,-1,-1,0,0,0,0,0,0,NO_DATA,0,0,0,0,0,0,0,0,0,0,0,0,0,0,0,-1,0,-1,0,0,0,0,0,0,NO_DATA,0,OK,100,0,command=OK,NO_DATA,NO_DATA,OK,NO_DATA,-1,50,0,-1,0,0,0,0,0,0,0,0,0,0,OK,0,,0,NONE,,,CONNECTED,0,,0,0,0,0,0,0,0,0,0,0,0,0,0,0,0,0,0,0,0,0,0,0,0,0,0,0,0,0,0,0,0,0,,,ERROR,0,-1,-1
E2-CMD-BASE-D01-PCAP,command-baseline,stationary drone; with pcap; independent repetition 1 of 3,WATCH,97830,93,93,93,0,59.2043,22,2459,32,97830,0,1,0,0,32,0,32,0,32,0,32,32,0,1,0,battery?,80,OK,cli-watch,,attempt=1|send=OK|raw=80|parsed=OK,executor_call=1|command=battery?|result=OK|response=80|elapsed_ms=32|timing_total_ms=32|recv_wait_ms=32|attempt_log=[attempt=1|send=OK|raw=80|parsed=OK],0,0,0,0,0,0,0,-1,-1,0,0,0,0,0,0,NO_DATA,0,0,0,0,0,0,0,0,0,0,0,0,0,0,0,-1,0,-1,0,0,0,0,0,0,NO_DATA,0,OK,100,0,command=OK,NO_DATA,NO_DATA,OK,NO_DATA,-1,50,0,-1,0,0,0,0,0,0,0,0,0,0,OK,0,,0,NONE,,,CONNECTED,0,,0,0,0,0,0,0,0,0,0,0,0,0,0,0,0,0,0,0,0,0,0,0,0,0,0,0,0,0,0,0,0,0,,,ERROR,0,-1,-1
E2-CMD-BASE-D01-PCAP,command-baseline,stationary drone; with pcap; independent repetition 1 of 3,WATCH,98866,94,94,94,0,58.8404,22,2459,25,98866,0,1,0,0,25,0,25,0,25,0,25,25,0,1,0,battery?,80,OK,cli-watch,,attempt=1|send=OK|raw=80|parsed=OK,executor_call=1|command=battery?|result=OK|response=80|elapsed_ms=25|timing_total_ms=25|recv_wait_ms=25|attempt_log=[attempt=1|send=OK|raw=80|parsed=OK],0,0,0,0,0,0,0,-1,-1,0,0,0,0,0,0,NO_DATA,0,0,0,0,0,0,0,0,0,0,0,0,0,0,0,-1,0,-1,0,0,0,0,0,0,NO_DATA,0,OK,100,0,command=OK,NO_DATA,NO_DATA,OK,NO_DATA,-1,50,0,-1,0,0,0,0,0,0,0,0,0,0,OK,0,,0,NONE,,,CONNECTED,0,,0,0,0,0,0,0,0,0,0,0,0,0,0,0,0,0,0,0,0,0,0,0,0,0,0,0,0,0,0,0,0,0,,,ERROR,0,-1,-1
E2-CMD-BASE-D01-PCAP,command-baseline,stationary drone; with pcap; independent repetition 1 of 3,WATCH,99902,95,95,95,0,58.5263,22,2459,29,99902,0,1,0,0,29,0,29,0,29,0,29,29,0,1,0,battery?,80,OK,cli-watch,,attempt=1|send=OK|raw=80|parsed=OK,executor_call=1|command=battery?|result=OK|response=80|elapsed_ms=29|timing_total_ms=29|recv_wait_ms=29|attempt_log=[attempt=1|send=OK|raw=80|parsed=OK],0,0,0,0,0,0,0,-1,-1,0,0,0,0,0,0,NO_DATA,0,0,0,0,0,0,0,0,0,0,0,0,0,0,0,-1,0,-1,0,0,0,0,0,0,NO_DATA,0,OK,100,0,command=OK,NO_DATA,NO_DATA,OK,NO_DATA,-1,50,0,-1,0,0,0,0,0,0,0,0,0,0,OK,0,,0,NONE,,,CONNECTED,0,,0,0,0,0,0,0,0,0,0,0,0,0,0,0,0,0,0,0,0,0,0,0,0,0,0,0,0,0,0,0,0,0,,,ERROR,0,-1,-1
E2-CMD-BASE-D01-PCAP,command-baseline,stationary drone; with pcap; independent repetition 1 of 3,WATCH,100941,96,96,96,0,58.2604,22,2459,33,100941,0,1,0,0,33,0,33,0,33,0,33,33,0,1,0,battery?,80,OK,cli-watch,,attempt=1|send=OK|raw=80|parsed=OK,executor_call=1|command=battery?|result=OK|response=80|elapsed_ms=33|timing_total_ms=33|recv_wait_ms=33|attempt_log=[attempt=1|send=OK|raw=80|parsed=OK],0,0,0,0,0,0,0,-1,-1,0,0,0,0,0,0,NO_DATA,0,0,0,0,0,0,0,0,0,0,0,0,0,0,0,-1,0,-1,0,0,0,0,0,0,NO_DATA,0,OK,100,0,command=OK,NO_DATA,NO_DATA,OK,NO_DATA,-1,50,0,-1,0,0,0,0,0,0,0,0,0,0,OK,0,,0,NONE,,,CONNECTED,0,,0,0,0,0,0,0,0,0,0,0,0,0,0,0,0,0,0,0,0,0,0,0,0,0,0,0,0,0,0,0,0,0,,,ERROR,0,-1,-1
E2-CMD-BASE-D01-PCAP,command-baseline,stationary drone; with pcap; independent repetition 1 of 3,WATCH,101976,97,97,97,0,57.9794,22,2459,31,101976,0,1,0,0,31,0,31,0,31,0,31,31,0,1,0,battery?,80,OK,cli-watch,,attempt=1|send=OK|raw=80|parsed=OK,executor_call=1|command=battery?|result=OK|response=80|elapsed_ms=31|timing_total_ms=31|recv_wait_ms=31|attempt_log=[attempt=1|send=OK|raw=80|parsed=OK],0,0,0,0,0,0,0,-1,-1,0,0,0,0,0,0,NO_DATA,0,0,0,0,0,0,0,0,0,0,0,0,0,0,0,-1,0,-1,0,0,0,0,0,0,NO_DATA,0,OK,100,0,command=OK,NO_DATA,NO_DATA,OK,NO_DATA,-1,50,0,-1,0,0,0,0,0,0,0,0,0,0,OK,0,,0,NONE,,,CONNECTED,0,,0,0,0,0,0,0,0,0,0,0,0,0,0,0,0,0,0,0,0,0,0,0,0,0,0,0,0,0,0,0,0,0,,,ERROR,0,-1,-1
E2-CMD-BASE-D01-PCAP,command-baseline,stationary drone; with pcap; independent repetition 1 of 3,WATCH,103012,98,98,98,0,57.7041,22,2459,31,103012,0,1,0,0,31,0,31,0,31,0,31,31,0,1,0,battery?,80,OK,cli-watch,,attempt=1|send=OK|raw=80|parsed=OK,executor_call=1|command=battery?|result=OK|response=80|elapsed_ms=31|timing_total_ms=31|recv_wait_ms=31|attempt_log=[attempt=1|send=OK|raw=80|parsed=OK],0,0,0,0,0,0,0,-1,-1,0,0,0,0,0,0,NO_DATA,0,0,0,0,0,0,0,0,0,0,0,0,0,0,0,-1,0,-1,0,0,0,0,0,0,NO_DATA,0,OK,100,0,command=OK,NO_DATA,NO_DATA,OK,NO_DATA,-1,50,0,-1,0,0,0,0,0,0,0,0,0,0,OK,0,,0,NONE,,,CONNECTED,0,,0,0,0,0,0,0,0,0,0,0,0,0,0,0,0,0,0,0,0,0,0,0,0,0,0,0,0,0,0,0,0,0,,,ERROR,0,-1,-1
E2-CMD-BASE-D01-PCAP,command-baseline,stationary drone; with pcap; independent repetition 1 of 3,WATCH,104048,99,99,99,0,57.4343,22,2459,31,104048,0,1,0,0,31,0,31,0,31,0,31,31,0,1,0,battery?,80,OK,cli-watch,,attempt=1|send=OK|raw=80|parsed=OK,executor_call=1|command=battery?|result=OK|response=80|elapsed_ms=31|timing_total_ms=31|recv_wait_ms=31|attempt_log=[attempt=1|send=OK|raw=80|parsed=OK],0,0,0,0,0,0,0,-1,-1,0,0,0,0,0,0,NO_DATA,0,0,0,0,0,0,0,0,0,0,0,0,0,0,0,-1,0,-1,0,0,0,0,0,0,NO_DATA,0,OK,100,0,command=OK,NO_DATA,NO_DATA,OK,NO_DATA,-1,50,0,-1,0,0,0,0,0,0,0,0,0,0,OK,0,,0,NONE,,,CONNECTED,0,,0,0,0,0,0,0,0,0,0,0,0,0,0,0,0,0,0,0,0,0,0,0,0,0,0,0,0,0,0,0,0,0,,,ERROR,0,-1,-1
E2-CMD-BASE-D01-PCAP,command-baseline,stationary drone; with pcap; independent repetition 1 of 3,WATCH,105084,100,100,100,0,57.14,22,2459,28,105084,0,1,0,0,28,0,28,0,28,0,28,28,0,1,0,battery?,80,OK,cli-watch,,attempt=1|send=OK|raw=80|parsed=OK,executor_call=1|command=battery?|result=OK|response=80|elapsed_ms=28|timing_total_ms=28|recv_wait_ms=28|attempt_log=[attempt=1|send=OK|raw=80|parsed=OK],0,0,0,0,0,0,0,-1,-1,0,0,0,0,0,0,NO_DATA,0,0,0,0,0,0,0,0,0,0,0,0,0,0,0,-1,0,-1,0,0,0,0,0,0,NO_DATA,0,OK,100,0,command=OK,NO_DATA,NO_DATA,OK,NO_DATA,-1,50,0,-1,0,0,0,0,0,0,0,0,0,0,OK,0,,0,NONE,,,CONNECTED,0,,0,0,0,0,0,0,0,0,0,0,0,0,0,0,0,0,0,0,0,0,0,0,0,0,0,0,0,0,0,0,0,0,,,ERROR,0,-1,-1
E2-CMD-BASE-D01-PCAP,command-baseline,stationary drone; with pcap; independent repetition 1 of 3,WATCH,106121,101,101,101,0,56.8713,22,2459,30,106121,0,1,0,0,30,0,30,0,29,0,29,30,0,1,0,battery?,80,OK,cli-watch,,attempt=1|send=OK|raw=80|parsed=OK,executor_call=1|command=battery?|result=OK|response=80|elapsed_ms=30|timing_total_ms=30|recv_wait_ms=29|attempt_log=[attempt=1|send=OK|raw=80|parsed=OK],0,0,0,0,0,0,0,-1,-1,0,0,0,0,0,0,NO_DATA,0,0,0,0,0,0,0,0,0,0,0,0,0,0,0,-1,0,-1,0,0,0,0,0,0,NO_DATA,0,OK,100,0,command=OK,NO_DATA,NO_DATA,OK,NO_DATA,-1,50,0,-1,0,0,0,0,0,0,0,0,0,0,OK,0,,0,NONE,,,CONNECTED,0,,0,0,0,0,0,0,0,0,0,0,0,0,0,0,0,0,0,0,0,0,0,0,0,0,0,0,0,0,0,0,0,0,,,ERROR,0,-1,-1
E2-CMD-BASE-D01-PCAP,command-baseline,stationary drone; with pcap; independent repetition 1 of 3,WATCH,107155,102,102,102,0,56.6471,22,2459,34,107155,0,1,0,0,34,0,34,0,34,0,34,34,0,1,0,battery?,80,OK,cli-watch,,attempt=1|send=OK|raw=80|parsed=OK,executor_call=1|command=battery?|result=OK|response=80|elapsed_ms=34|timing_total_ms=34|recv_wait_ms=34|attempt_log=[attempt=1|send=OK|raw=80|parsed=OK],0,0,0,0,0,0,0,-1,-1,0,0,0,0,0,0,NO_DATA,0,0,0,0,0,0,0,0,0,0,0,0,0,0,0,-1,0,-1,0,0,0,0,0,0,NO_DATA,0,OK,100,0,command=OK,NO_DATA,NO_DATA,OK,NO_DATA,-1,50,0,-1,0,0,0,0,0,0,0,0,0,0,OK,0,,0,NONE,,,CONNECTED,0,,0,0,0,0,0,0,0,0,0,0,0,0,0,0,0,0,0,0,0,0,0,0,0,0,0,0,0,0,0,0,0,0,,,ERROR,0,-1,-1
E2-CMD-BASE-D01-PCAP,command-baseline,stationary drone; with pcap; independent repetition 1 of 3,WATCH,108190,103,103,103,0,56.3883,22,2459,30,108190,0,1,0,0,30,0,30,0,30,0,30,30,0,1,0,battery?,80,OK,cli-watch,,attempt=1|send=OK|raw=80|parsed=OK,executor_call=1|command=battery?|result=OK|response=80|elapsed_ms=30|timing_total_ms=30|recv_wait_ms=30|attempt_log=[attempt=1|send=OK|raw=80|parsed=OK],0,0,0,0,0,0,0,-1,-1,0,0,0,0,0,0,NO_DATA,0,0,0,0,0,0,0,0,0,0,0,0,0,0,0,-1,0,-1,0,0,0,0,0,0,NO_DATA,0,OK,100,0,command=OK,NO_DATA,NO_DATA,OK,NO_DATA,-1,50,0,-1,0,0,0,0,0,0,0,0,0,0,OK,0,,0,NONE,,,CONNECTED,0,,0,0,0,0,0,0,0,0,0,0,0,0,0,0,0,0,0,0,0,0,0,0,0,0,0,0,0,0,0,0,0,0,,,ERROR,0,-1,-1
E2-CMD-BASE-D01-PCAP,command-baseline,stationary drone; with pcap; independent repetition 1 of 3,WATCH,109225,104,104,104,0,56.0962,22,2459,26,109225,0,1,0,0,26,0,26,0,26,0,26,26,0,1,0,battery?,80,OK,cli-watch,,attempt=1|send=OK|raw=80|parsed=OK,executor_call=1|command=battery?|result=OK|response=80|elapsed_ms=26|timing_total_ms=26|recv_wait_ms=26|attempt_log=[attempt=1|send=OK|raw=80|parsed=OK],0,0,0,0,0,0,0,-1,-1,0,0,0,0,0,0,NO_DATA,0,0,0,0,0,0,0,0,0,0,0,0,0,0,0,-1,0,-1,0,0,0,0,0,0,NO_DATA,0,OK,100,0,command=OK,NO_DATA,NO_DATA,OK,NO_DATA,-1,50,0,-1,0,0,0,0,0,0,0,0,0,0,OK,0,,0,NONE,,,CONNECTED,0,,0,0,0,0,0,0,0,0,0,0,0,0,0,0,0,0,0,0,0,0,0,0,0,0,0,0,0,0,0,0,0,0,,,ERROR,0,-1,-1
E2-CMD-BASE-D01-PCAP,command-baseline,stationary drone; with pcap; independent repetition 1 of 3,WATCH,110260,105,105,105,0,55.8476,22,2459,30,110260,0,1,0,0,30,0,30,0,30,0,30,30,0,1,0,battery?,80,OK,cli-watch,,attempt=1|send=OK|raw=80|parsed=OK,executor_call=1|command=battery?|result=OK|response=80|elapsed_ms=30|timing_total_ms=30|recv_wait_ms=30|attempt_log=[attempt=1|send=OK|raw=80|parsed=OK],0,0,0,0,0,0,0,-1,-1,0,0,0,0,0,0,NO_DATA,0,0,0,0,0,0,0,0,0,0,0,0,0,0,0,-1,0,-1,0,0,0,0,0,0,NO_DATA,0,OK,100,0,command=OK,NO_DATA,NO_DATA,OK,NO_DATA,-1,50,0,-1,0,0,0,0,0,0,0,0,0,0,OK,0,,0,NONE,,,CONNECTED,0,,0,0,0,0,0,0,0,0,0,0,0,0,0,0,0,0,0,0,0,0,0,0,0,0,0,0,0,0,0,0,0,0,,,ERROR,0,-1,-1
E2-CMD-BASE-D01-PCAP,command-baseline,stationary drone; with pcap; independent repetition 1 of 3,WATCH,111295,106,106,106,0,55.6321,22,2459,33,111295,0,1,0,0,33,0,33,0,33,0,33,33,0,1,0,battery?,80,OK,cli-watch,,attempt=1|send=OK|raw=80|parsed=OK,executor_call=1|command=battery?|result=OK|response=80|elapsed_ms=33|timing_total_ms=33|recv_wait_ms=33|attempt_log=[attempt=1|send=OK|raw=80|parsed=OK],0,0,0,0,0,0,0,-1,-1,0,0,0,0,0,0,NO_DATA,0,0,0,0,0,0,0,0,0,0,0,0,0,0,0,-1,0,-1,0,0,0,0,0,0,NO_DATA,0,OK,100,0,command=OK,NO_DATA,NO_DATA,OK,NO_DATA,-1,50,0,-1,0,0,0,0,0,0,0,0,0,0,OK,0,,0,NONE,,,CONNECTED,0,,0,0,0,0,0,0,0,0,0,0,0,0,0,0,0,0,0,0,0,0,0,0,0,0,0,0,0,0,0,0,0,0,,,ERROR,0,-1,-1
E2-CMD-BASE-D01-PCAP,command-baseline,stationary drone; with pcap; independent repetition 1 of 3,WATCH,112330,107,107,107,0,55.3925,22,2459,30,112330,0,1,0,0,30,0,30,0,30,0,30,30,0,1,0,battery?,80,OK,cli-watch,,attempt=1|send=OK|raw=80|parsed=OK,executor_call=1|command=battery?|result=OK|response=80|elapsed_ms=30|timing_total_ms=30|recv_wait_ms=30|attempt_log=[attempt=1|send=OK|raw=80|parsed=OK],0,0,0,0,0,0,0,-1,-1,0,0,0,0,0,0,NO_DATA,0,0,0,0,0,0,0,0,0,0,0,0,0,0,0,-1,0,-1,0,0,0,0,0,0,NO_DATA,0,OK,100,0,command=OK,NO_DATA,NO_DATA,OK,NO_DATA,-1,50,0,-1,0,0,0,0,0,0,0,0,0,0,OK,0,,0,NONE,,,CONNECTED,0,,0,0,0,0,0,0,0,0,0,0,0,0,0,0,0,0,0,0,0,0,0,0,0,0,0,0,0,0,0,0,0,0,,,ERROR,0,-1,-1
E2-CMD-BASE-D01-PCAP,command-baseline,stationary drone; with pcap; independent repetition 1 of 3,WATCH,113364,108,108,108,0,55.1111,22,2459,25,113364,0,1,0,0,25,0,25,0,25,0,25,25,0,1,0,battery?,80,OK,cli-watch,,attempt=1|send=OK|raw=80|parsed=OK,executor_call=1|command=battery?|result=OK|response=80|elapsed_ms=25|timing_total_ms=25|recv_wait_ms=25|attempt_log=[attempt=1|send=OK|raw=80|parsed=OK],0,0,0,0,0,0,0,-1,-1,0,0,0,0,0,0,NO_DATA,0,0,0,0,0,0,0,0,0,0,0,0,0,0,0,-1,0,-1,0,0,0,0,0,0,NO_DATA,0,OK,100,0,command=OK,NO_DATA,NO_DATA,OK,NO_DATA,-1,50,0,-1,0,0,0,0,0,0,0,0,0,0,OK,0,,0,NONE,,,CONNECTED,0,,0,0,0,0,0,0,0,0,0,0,0,0,0,0,0,0,0,0,0,0,0,0,0,0,0,0,0,0,0,0,0,0,,,ERROR,0,-1,-1
E2-CMD-BASE-D01-PCAP,command-baseline,stationary drone; with pcap; independent repetition 1 of 3,WATCH,114400,109,109,109,0,54.9083,22,2459,33,114400,0,1,0,0,33,0,33,0,33,0,33,33,0,1,0,battery?,80,OK,cli-watch,,attempt=1|send=OK|raw=80|parsed=OK,executor_call=1|command=battery?|result=OK|response=80|elapsed_ms=33|timing_total_ms=33|recv_wait_ms=33|attempt_log=[attempt=1|send=OK|raw=80|parsed=OK],0,0,0,0,0,0,0,-1,-1,0,0,0,0,0,0,NO_DATA,0,0,0,0,0,0,0,0,0,0,0,0,0,0,0,-1,0,-1,0,0,0,0,0,0,NO_DATA,0,OK,100,0,command=OK,NO_DATA,NO_DATA,OK,NO_DATA,-1,50,0,-1,0,0,0,0,0,0,0,0,0,0,OK,0,,0,NONE,,,CONNECTED,0,,0,0,0,0,0,0,0,0,0,0,0,0,0,0,0,0,0,0,0,0,0,0,0,0,0,0,0,0,0,0,0,0,,,ERROR,0,-1,-1
E2-CMD-BASE-D01-PCAP,command-baseline,stationary drone; with pcap; independent repetition 1 of 3,WATCH,115436,110,110,110,0,54.6364,22,2459,25,115436,0,1,0,0,25,0,24,0,24,0,24,24,0,1,0,battery?,80,OK,cli-watch,,attempt=1|send=OK|raw=80|parsed=OK,executor_call=1|command=battery?|result=OK|response=80|elapsed_ms=24|timing_total_ms=24|recv_wait_ms=24|attempt_log=[attempt=1|send=OK|raw=80|parsed=OK],0,0,0,0,0,0,0,-1,-1,0,0,0,0,0,0,NO_DATA,0,0,0,0,0,0,0,0,0,0,0,0,0,0,0,-1,0,-1,0,0,0,0,0,0,NO_DATA,0,OK,100,0,command=OK,NO_DATA,NO_DATA,OK,NO_DATA,-1,50,0,-1,0,0,0,0,0,0,0,0,0,0,OK,0,,0,NONE,,,CONNECTED,0,,0,0,0,0,0,0,0,0,0,0,0,0,0,0,0,0,0,0,0,0,0,0,0,0,0,0,0,0,0,0,0,0,,,ERROR,0,-1,-1
E2-CMD-BASE-D01-PCAP,command-baseline,stationary drone; with pcap; independent repetition 1 of 3,WATCH,116473,111,111,111,0,54.3964,22,2459,28,116473,0,1,0,0,28,0,28,0,28,0,28,28,0,1,0,battery?,80,OK,cli-watch,,attempt=1|send=OK|raw=80|parsed=OK,executor_call=1|command=battery?|result=OK|response=80|elapsed_ms=28|timing_total_ms=28|recv_wait_ms=28|attempt_log=[attempt=1|send=OK|raw=80|parsed=OK],0,0,0,0,0,0,0,-1,-1,0,0,0,0,0,0,NO_DATA,0,0,0,0,0,0,0,0,0,0,0,0,0,0,0,-1,0,-1,0,0,0,0,0,0,NO_DATA,0,OK,100,0,command=OK,NO_DATA,NO_DATA,OK,NO_DATA,-1,50,0,-1,0,0,0,0,0,0,0,0,0,0,OK,0,,0,NONE,,,CONNECTED,0,,0,0,0,0,0,0,0,0,0,0,0,0,0,0,0,0,0,0,0,0,0,0,0,0,0,0,0,0,0,0,0,0,,,ERROR,0,-1,-1
E2-CMD-BASE-D01-PCAP,command-baseline,stationary drone; with pcap; independent repetition 1 of 3,WATCH,117510,112,112,112,0,54.1607,22,2459,28,117510,0,1,0,0,28,0,28,0,28,0,28,28,0,1,0,battery?,80,OK,cli-watch,,attempt=1|send=OK|raw=80|parsed=OK,executor_call=1|command=battery?|result=OK|response=80|elapsed_ms=28|timing_total_ms=28|recv_wait_ms=28|attempt_log=[attempt=1|send=OK|raw=80|parsed=OK],0,0,0,0,0,0,0,-1,-1,0,0,0,0,0,0,NO_DATA,0,0,0,0,0,0,0,0,0,0,0,0,0,0,0,-1,0,-1,0,0,0,0,0,0,NO_DATA,0,OK,100,0,command=OK,NO_DATA,NO_DATA,OK,NO_DATA,-1,50,0,-1,0,0,0,0,0,0,0,0,0,0,OK,0,,0,NONE,,,CONNECTED,0,,0,0,0,0,0,0,0,0,0,0,0,0,0,0,0,0,0,0,0,0,0,0,0,0,0,0,0,0,0,0,0,0,,,ERROR,0,-1,-1
E2-CMD-BASE-D01-PCAP,command-baseline,stationary drone; with pcap; independent repetition 1 of 3,WATCH,118548,113,113,113,0,53.9912,22,2459,35,118548,0,1,0,0,35,0,35,0,35,0,35,35,0,1,0,battery?,80,OK,cli-watch,,attempt=1|send=OK|raw=80|parsed=OK,executor_call=1|command=battery?|result=OK|response=80|elapsed_ms=35|timing_total_ms=35|recv_wait_ms=35|attempt_log=[attempt=1|send=OK|raw=80|parsed=OK],0,0,0,0,0,0,0,-1,-1,0,0,0,0,0,0,NO_DATA,0,0,0,0,0,0,0,0,0,0,0,0,0,0,0,-1,0,-1,0,0,0,0,0,0,NO_DATA,0,OK,100,0,command=OK,NO_DATA,NO_DATA,OK,NO_DATA,-1,50,0,-1,0,0,0,0,0,0,0,0,0,0,OK,0,,0,NONE,,,CONNECTED,0,,0,0,0,0,0,0,0,0,0,0,0,0,0,0,0,0,0,0,0,0,0,0,0,0,0,0,0,0,0,0,0,0,,,ERROR,0,-1,-1
E2-CMD-BASE-D01-PCAP,command-baseline,stationary drone; with pcap; independent repetition 1 of 3,WATCH,119585,114,114,114,0,53.7895,22,2459,31,119585,0,1,0,0,31,0,31,0,31,0,31,31,0,1,0,battery?,79,OK,cli-watch,,attempt=1|send=OK|raw=79|parsed=OK,executor_call=1|command=battery?|result=OK|response=79|elapsed_ms=31|timing_total_ms=31|recv_wait_ms=31|attempt_log=[attempt=1|send=OK|raw=79|parsed=OK],0,0,0,0,0,0,0,-1,-1,0,0,0,0,0,0,NO_DATA,0,0,0,0,0,0,0,0,0,0,0,0,0,0,0,-1,0,-1,0,0,0,0,0,0,NO_DATA,0,OK,100,0,command=OK,NO_DATA,NO_DATA,OK,NO_DATA,-1,50,0,-1,0,0,0,0,0,0,0,0,0,0,OK,0,,0,NONE,,,CONNECTED,0,,0,0,0,0,0,0,0,0,0,0,0,0,0,0,0,0,0,0,0,0,0,0,0,0,0,0,0,0,0,0,0,0,,,ERROR,0,-1,-1
