test_id,scenario,notes,run_mode,elapsed_ms,attempt,command_samples,command_successes,command_failures,command_latency_ms_avg,command_latency_ms_min,command_latency_ms_max,last_command,last_response,last_command_result,command_source,command_executor_last_error,command_executor_attempt_log,telemetry_packets_total,telemetry_packets_valid,telemetry_packets_invalid,telemetry_timeouts,telemetry_errors,telemetry_hz_instant,telemetry_hz_ema,telemetry_age_ms,telemetry_interarrival_ms,telemetry_max_interarrival_ms,telemetry_last_gap_ms,telemetry_last_gap_sequence,telemetry_gap_events_300ms,telemetry_gap_events_500ms,telemetry_gap_events_1000ms,telemetry_quality,telemetry_quality_score,telemetry_state_available,telemetry_h,telemetry_tof,telemetry_baro,telemetry_vgz,telemetry_bat,video_packets_total,video_bytes_total,video_timeouts,video_errors,video_pps_instant,video_pps_ema,video_age_ms,video_packet_delta,video_interarrival_ms,video_max_interarrival_ms,video_last_gap_ms,video_last_gap_sequence,video_gap_events_300ms,video_gap_events_500ms,video_gap_events_1000ms,video_quality,video_quality_score,nal_packets_in,nal_bytes_in,nal_units,nal_sps,nal_pps,nal_idr,nal_non_idr,nal_other,nal_decode_gated,nal_resyncs,nal_buffered_bytes,decoder_nals_in,decoder_packets_sent,decoder_frames_decoded,decoder_errors,decoder_fps_ema,frame_width,frame_height,keyframes,paused,overlay_enabled,recovery_attempted,recovery_result,recovery_hard,recovery_stage,recovery_command_channel_available,event,log_timestamp,log_message,connection_state,last_outage_failures,plot_metric,state_sequence_delta,state_receiver_running,rc_stream_active,rc_left_right,rc_forward_back,rc_up_down,rc_yaw,keepalive_running,auto_refresh_active,critical_command_active,pause_keepalive_ms,neutral_rc_ms,critical_command_ms,gui_vision_tick_delay_ms,gui_state_tick_delay_ms,vision_refresh_duration_ms,state_refresh_duration_ms,frame_convert_ms,frame_scale_ms,plot_paint_ms,vision_frame_mutex_wait_ms,state_history_fetch_ms,ui_frames_converted,ui_frames_dropped,ui_frames_displayed,plot_samples_displayed,keepalive_tick_total,keepalive_success_total,keepalive_failure_total,keepalive_skipped_busy_total,keepalive_skipped_uninitialized_total,keepalive_last_command,keepalive_last_response,keepalive_last_result,keepalive_last_latency_ms,keepalive_last_success_age_ms,keepalive_last_tick_age_ms
,gui,,CONTROL_PANEL,0,1,0,0,0,0,0,0,,,ERROR,,,,0,0,0,0,0,0,0,-1,-1,0,0,0,0,0,0,NO_DATA,0,0,0,0,0,0,0,0,0,0,0,0,0,-1,0,-1,0,0,0,0,0,0,NO_DATA,0,0,0,0,0,0,0,0,0,0,0,0,0,0,0,0,0,0,0,0,0,0,0,OK,0,,0,log,2026-06-27T17:50:35.051,recording started | gui_csv=ON | state_recording=ON,DISCONNECTED,0,pitch,0,0,0,0,0,0,0,0,0,0,0,0,0,124,250,0,0,0,0,0,0,0,0,0,0,0,0,0,0,0,0,,,ERROR,0,-1,-1
,gui,,CONTROL_PANEL,0,2,0,0,0,0,0,0,,,ERROR,,,,0,0,0,0,0,0,0,-1,-1,0,0,0,0,0,0,NO_DATA,0,0,0,0,0,0,0,0,0,0,0,0,0,-1,0,-1,0,0,0,0,0,0,NO_DATA,0,0,0,0,0,0,0,0,0,0,0,0,0,0,0,0,0,0,0,0,0,0,0,OK,0,,0,logging:start,,,DISCONNECTED,0,pitch,0,0,0,0,0,0,0,0,0,0,0,0,0,124,250,0,0,0,0,0,0,0,0,0,0,0,0,0,0,0,0,,,ERROR,0,-1,-1
,gui,,CONTROL_PANEL,1981,3,0,0,0,0,0,0,,,ERROR,,,,0,0,0,0,0,0,0,-1,-1,0,0,0,0,0,0,NO_DATA,0,0,0,0,0,0,0,0,0,0,0,0,0,-1,0,-1,0,0,0,0,0,0,NO_DATA,0,0,0,0,0,0,0,0,0,0,0,0,0,0,0,0,0,0,0,0,0,0,0,OK,0,,0,log,2026-06-27T17:50:38.794,initialize(attempt=1): OK,DISCONNECTED,0,pitch,0,0,0,0,0,0,0,0,0,0,0,0,0,130,251,0,0,0,0,0,0,0,0,0,0,0,0,0,0,0,0,,,ERROR,0,-1,-1
,gui,,CONTROL_PANEL,2902,4,0,0,0,0,0,0,,,ERROR,,,,0,0,0,0,0,0,0,-1,-1,0,0,0,0,0,0,NO_DATA,0,0,0,0,0,0,0,0,0,0,0,0,0,-1,0,-1,0,0,0,0,0,0,NO_DATA,0,0,0,0,0,0,0,0,0,0,0,0,0,0,0,0,0,0,0,0,0,0,0,OK,0,,0,log,2026-06-27T17:50:39.715,"command (enterSdkMode, attempt=1, probe=1): OK",CONNECTED,0,pitch,0,0,0,0,0,0,0,0,0,0,0,0,0,120,251,0,0,0,0,0,0,0,0,0,0,0,0,0,0,0,0,,,ERROR,0,-1,-1
,gui,,CONTROL_PANEL,2905,5,0,0,0,0,0,0,,,ERROR,,,,0,0,0,0,0,0,0,-1,-1,0,0,0,0,0,0,NO_DATA,0,0,0,0,0,0,0,0,0,0,0,0,0,-1,0,-1,0,0,0,0,0,0,NO_DATA,0,0,0,0,0,0,0,0,0,0,0,0,0,0,0,0,0,0,0,0,0,0,0,OK,0,,0,log,2026-06-27T17:50:39.717,state receiver start => OK,CONNECTED,0,pitch,0,1,0,0,0,0,0,0,0,0,0,0,0,120,251,0,0,0,0,0,0,0,0,0,0,0,0,0,0,0,0,,,ERROR,0,-1,-1
,gui,,CONTROL_PANEL,2905,6,0,0,0,0,0,0,,,ERROR,,,,0,0,0,0,0,0,0,-1,-1,0,0,0,0,0,0,NO_DATA,0,0,0,0,0,0,0,0,0,0,0,0,0,-1,0,-1,0,0,0,0,0,0,NO_DATA,0,0,0,0,0,0,0,0,0,0,0,0,0,0,0,0,0,0,0,0,0,0,0,OK,0,,0,log,2026-06-27T17:50:39.718,sdk keepalive start => OK,CONNECTED,0,pitch,0,1,0,0,0,0,0,1,0,0,0,0,0,120,251,0,0,0,0,0,0,0,0,0,0,0,0,0,0,0,0,battery?,,ERROR,0,-1,-1
,gui,,CONTROL_PANEL,4042,7,0,0,0,0,0,0,,,ERROR,,,,11,11,0,0,0,10.3298,10.3212,78,96,97,0,0,0,0,0,OK,100,1,0,10,141.86,0,78,0,0,0,0,0,0,-1,0,-1,0,0,0,0,0,0,NO_DATA,0,0,0,0,0,0,0,0,0,0,0,0,0,0,0,0,0,0,0,0,0,0,0,OK,0,,0,log,2026-06-27T17:50:40.849,panel switched to Operation,CONNECTED,0,pitch,11,1,0,0,0,0,0,1,0,0,0,0,0,124,249,0,0,0,0,0,0,0,0,0,0,10,0,0,0,0,0,battery?,,ERROR,0,-1,-1
,gui,,CONTROL_PANEL,7620,8,0,0,0,0,0,0,,,ERROR,,,,49,49,0,0,0,8.20971,9.93721,1,121,121,0,0,0,0,0,OK,100,1,0,10,141.9,0,78,0,0,0,0,0,0,-1,0,-1,0,0,0,0,0,0,NO_DATA,0,0,0,0,0,0,0,0,0,0,0,0,0,0,0,0,0,0,0,0,0,0,0,OK,0,,0,log,2026-06-27T17:50:44.433,"streamon (vision) => OK | response=""ok"" | state=CONNECTED",CONNECTED,0,pitch,38,1,0,0,0,0,0,1,0,0,0,0,0,125,249,0,0,0,0,0,0,0,0,0,0,47,0,0,0,0,0,battery?,,ERROR,0,-1,-1
,gui,,CONTROL_PANEL,7620,9,1,1,0,32,32,32,streamon,ok,OK,vision,,attempt=1|send=OK|raw=ok|parsed=OK,49,49,0,0,0,8.20971,9.93721,1,121,121,0,0,0,0,0,OK,100,1,0,10,141.9,0,78,0,0,0,0,0,0,-1,0,-1,0,0,0,0,0,0,NO_DATA,0,0,0,0,0,0,0,0,0,0,0,0,0,0,0,0,0,0,0,0,0,0,0,OK,0,,0,command:vision,,,CONNECTED,0,pitch,0,1,0,0,0,0,0,1,0,0,0,0,0,125,249,0,0,0,0,0,0,0,0,0,0,47,0,0,0,0,0,battery?,,ERROR,0,-1,-1
,gui,,CONTROL_PANEL,7648,10,1,1,0,32,32,32,streamon,ok,OK,vision,,attempt=1|send=OK|raw=ok|parsed=OK,49,49,0,0,0,8.20971,9.93721,29,121,121,0,0,0,0,0,OK,100,1,0,10,141.9,0,78,0,0,0,0,0,0,-1,0,-1,0,0,0,0,0,0,NO_DATA,0,0,0,0,0,0,0,0,0,0,0,0,0,0,0,0,0,0,0,0,0,0,0,OK,0,,0,log,2026-06-27T17:50:44.461,vision pipeline started (ensure streamon is active),CONNECTED,0,pitch,0,1,0,0,0,0,0,1,0,0,0,0,0,125,249,0,0,0,0,0,0,0,0,0,0,47,0,0,0,0,0,battery?,,ERROR,0,-1,-1
,gui,,CONTROL_PANEL,7692,11,1,1,0,32,32,32,streamon,ok,OK,vision,,attempt=1|send=OK|raw=ok|parsed=OK,49,49,0,0,0,8.20971,9.93721,73,121,121,0,0,0,0,0,OK,100,1,0,10,141.9,0,78,3,3019,0,0,73.4271,57.4878,4,3,13,18,0,0,0,0,0,OK,100,3,3019,0,0,0,0,0,0,0,0,3019,0,0,0,0,0,0,0,0,0,1,0,OK,0,,0,vision,,,CONNECTED,0,pitch,0,1,0,0,0,0,0,1,0,0,0,0,0,124,249,0,0,0,0,0,0,0,0,0,0,49,0,0,0,0,0,battery?,,ERROR,0,-1,-1
,gui,,CONTROL_PANEL,8817,12,1,1,0,32,32,32,streamon,ok,OK,vision,,attempt=1|send=OK|raw=ok|parsed=OK,61,61,0,0,0,10.0967,13.8304,81,99,199,0,0,0,0,0,OK,100,1,0,10,141.65,0,78,293,383035,0,0,423.368,561.78,0,290,2,36,0,0,0,0,0,OK,100,293,383035,40,0,0,0,0,0,0,1,10220,37,33,33,4,32.5617,960,720,0,0,1,0,OK,0,,0,vision,,,CONNECTED,0,pitch,12,1,0,0,0,0,0,1,0,0,0,0,0,125,249,1,0,2,0,0,0,0,9,24,7,60,1,1,0,0,0,battery?,78,OK,34,877,877
,gui,,CONTROL_PANEL,9817,13,1,1,0,32,32,32,streamon,ok,OK,vision,,attempt=1|send=OK|raw=ok|parsed=OK,72,72,0,0,0,8.50146,11.1467,33,117,199,0,0,0,0,0,OK,100,1,0,10,141.36,0,77,543,712395,0,0,419.653,390.77,1,250,2,36,0,0,0,0,0,OK,100,543,712395,74,0,0,0,0,0,0,1,5840,71,65,65,6,37.6077,960,720,0,0,1,0,OK,0,,0,vision,,,CONNECTED,0,pitch,11,1,0,0,0,0,0,1,0,0,0,0,0,124,249,1,0,2,0,0,0,0,16,49,14,71,1,1,0,0,0,battery?,78,OK,34,1877,1877
,gui,,CONTROL_PANEL,10063,14,1,1,0,32,32,32,streamon,ok,OK,vision,,attempt=1|send=OK|raw=ok|parsed=OK,75,75,0,0,0,10.4324,11.0663,8,95,199,0,0,0,0,0,OK,100,1,0,10,141.6,0,77,543,712395,0,0,419.653,390.77,1,250,2,36,0,0,0,0,0,OK,100,543,712395,74,0,0,0,0,0,0,1,5840,71,65,65,6,37.6077,960,720,0,0,1,0,OK,0,,0,log,2026-06-27T17:50:46.867,panel switched to Config,CONNECTED,0,pitch,3,1,0,0,0,0,0,1,0,0,0,0,0,125,249,1,0,2,0,0,0,0,18,55,16,73,1,1,0,0,0,battery?,78,OK,34,2123,2123
,gui,,CONTROL_PANEL,10942,15,1,1,0,32,32,32,streamon,ok,OK,vision,,attempt=1|send=OK|raw=ok|parsed=OK,84,84,0,0,0,10.7295,11.3565,42,93,199,0,0,0,0,0,OK,100,1,0,10,141.46,0,77,825,1083489,0,0,1743.94,702.257,12,282,0,36,0,0,0,0,0,OK,100,825,1083489,111,0,0,0,0,0,0,1,10272,108,100,100,8,32.4492,960,720,0,0,1,0,OK,0,,0,vision,,,CONNECTED,0,pitch,9,1,0,0,0,0,0,1,0,0,0,0,0,125,250,1,0,2,0,0,0,0,25,75,23,84,1,1,0,0,0,battery?,78,OK,34,3002,3002
,gui,,CONTROL_PANEL,12067,16,1,1,0,32,32,32,streamon,ok,OK,vision,,attempt=1|send=OK|raw=ok|parsed=OK,96,96,0,0,0,10.9938,13.6362,51,90,199,0,0,0,0,0,OK,100,1,0,10,141.84,0,77,1108,1455487,0,0,424.236,469.737,1,283,2,38,0,0,0,0,0,OK,100,1108,1455487,149,0,0,0,0,0,0,1,7300,146,136,136,10,34.4248,960,720,0,0,1,0,OK,0,,0,vision,,,CONNECTED,0,pitch,12,1,0,0,0,0,0,1,0,0,0,0,0,125,249,1,0,2,0,0,0,0,35,101,32,94,1,1,0,0,0,battery?,78,OK,34,4126,4126
,gui,,CONTROL_PANEL,13067,17,1,1,0,32,32,32,streamon,ok,OK,vision,,attempt=1|send=OK|raw=ok|parsed=OK,106,106,0,0,0,13.2912,13.4356,69,75,199,0,0,0,0,0,OK,100,1,0,10,141.47,0,77,1357,1781446,0,0,1604.15,614.603,5,249,0,38,0,0,0,0,0,OK,100,1357,1781446,182,0,0,0,0,0,0,1,10444,179,167,167,12,40.515,960,720,0,0,1,0,OK,0,,0,vision,,,CONNECTED,0,pitch,10,1,0,0,0,0,0,1,0,0,0,0,0,125,249,30,0,2,0,0,0,0,43,124,40,104,2,2,0,0,0,battery?,77,OK,30,96,96
,gui,,CONTROL_PANEL,14191,18,1,1,0,32,32,32,streamon,ok,OK,vision,,attempt=1|send=OK|raw=ok|parsed=OK,118,118,0,0,0,8.7402,11.1759,64,114,199,0,0,0,0,0,OK,100,1,0,10,141.81,0,77,1635,2146061,0,0,1802.16,746.021,35,278,0,38,0,0,0,0,0,OK,100,1635,2146061,219,0,0,0,0,0,0,1,10278,216,202,202,14,31.9998,960,720,0,0,1,0,OK,0,,0,vision,,,CONNECTED,0,pitch,12,1,0,0,0,0,0,1,0,0,0,0,0,124,250,0,0,2,0,0,0,0,52,150,49,118,2,2,0,0,0,battery?,77,OK,30,1220,1220
,gui,,CONTROL_PANEL,15316,19,1,1,0,32,32,32,streamon,ok,OK,vision,,attempt=1|send=OK|raw=ok|parsed=OK,130,130,0,0,0,8.42452,10.0561,12,118,199,0,0,0,0,0,OK,100,1,0,10,141.76,0,77,1917,2516500,0,0,402.003,496.859,2,282,2,38,0,0,0,0,0,OK,100,1917,2516500,257,0,0,0,0,0,0,1,5840,254,238,238,16,32.4889,960,720,0,0,1,0,OK,0,,0,vision,,,CONNECTED,0,pitch,12,1,0,0,0,0,0,1,0,0,0,0,0,125,249,0,0,2,0,0,0,0,61,177,58,128,2,2,0,0,0,battery?,77,OK,30,2346,2346
,gui,,CONTROL_PANEL,16317,20,1,1,0,32,32,32,streamon,ok,OK,vision,,attempt=1|send=OK|raw=ok|parsed=OK,140,140,0,0,0,6.36639,10.5222,60,157,199,0,0,0,0,0,OK,100,1,0,10,141.56,0,77,2155,2830624,0,0,428.623,580.13,1,238,2,38,0,0,0,0,0,OK,100,2155,2830624,289,0,0,0,0,0,0,1,7300,286,268,268,18,27.1375,960,720,0,0,1,0,OK,0,,0,vision,,,CONNECTED,0,pitch,10,1,0,0,0,0,0,1,0,0,0,0,0,125,250,1,0,2,0,0,0,0,69,199,66,139,2,2,0,0,0,battery?,77,OK,30,3346,3346
,gui,,CONTROL_PANEL,17317,21,1,1,0,32,32,32,streamon,ok,OK,vision,,attempt=1|send=OK|raw=ok|parsed=OK,150,150,0,0,0,10.1052,10.5973,144,98,199,0,0,0,0,0,OK,100,1,0,10,141.62,0,77,2411,3161671,0,0,79.573,329.921,14,256,12,38,0,0,0,0,0,OK,100,2411,3161671,325,0,0,0,0,0,0,1,6637,322,300,300,22,33.3256,960,720,0,0,1,0,OK,0,,0,vision,,,CONNECTED,0,pitch,10,1,0,0,0,0,0,1,0,0,0,0,0,125,249,1,0,2,0,0,0,0,76,224,74,149,2,2,0,0,0,battery?,77,OK,30,4346,4346
,gui,,CONTROL_PANEL,18441,22,1,1,0,32,32,32,streamon,ok,OK,vision,,attempt=1|send=OK|raw=ok|parsed=OK,163,163,0,0,0,10.0826,11.9613,15,99,199,0,0,0,0,0,OK,100,1,0,10,141.58,0,77,2705,3550949,0,0,48.1195,652.449,1,294,20,39,0,0,0,0,0,OK,100,2705,3550949,365,0,0,0,0,0,0,1,1460,362,338,338,24,33.0313,960,720,0,0,1,0,OK,0,,0,vision,,,CONNECTED,0,pitch,13,1,0,0,0,0,0,1,0,0,0,0,0,124,250,0,0,2,0,0,0,0,86,252,81,162,3,3,0,0,0,battery?,77,OK,37,433,433
,gui,,CONTROL_PANEL,19442,23,1,1,0,32,32,32,streamon,ok,OK,vision,,attempt=1|send=OK|raw=ok|parsed=OK,173,173,0,0,0,497.145,107.399,20,2,273,0,0,0,0,0,OK,100,1,0,10,141.5,0,76,2921,3833772,0,0,2075.26,716.416,1,216,0,39,0,0,0,0,0,OK,100,2921,3833772,394,0,0,0,0,0,0,1,4380,391,365,365,26,29.6833,960,720,0,0,1,0,OK,0,,0,vision,,,CONNECTED,0,pitch,10,1,0,0,0,0,0,1,0,0,0,0,0,125,250,0,0,2,0,0,0,0,94,271,88,171,3,3,0,0,0,battery?,77,OK,37,1433,1433
,gui,,CONTROL_PANEL,20567,24,1,1,0,32,32,32,streamon,ok,OK,vision,,attempt=1|send=OK|raw=ok|parsed=OK,185,185,0,0,0,11.0506,20.8057,62,90,273,0,0,0,0,0,OK,100,1,0,10,141.4,0,76,3239,4251831,0,0,201.308,465.734,7,318,4,48,0,0,0,0,0,OK,100,3239,4251831,436,0,0,0,0,0,0,1,4380,433,405,405,28,37.8663,960,720,0,0,1,0,OK,0,,0,vision,,,CONNECTED,0,pitch,12,1,0,0,0,0,0,1,0,0,0,0,0,125,250,1,0,2,0,0,0,0,103,302,97,184,3,3,0,0,0,battery?,77,OK,37,2558,2558
,gui,,CONTROL_PANEL,21567,25,1,1,0,32,32,32,streamon,ok,OK,vision,,attempt=1|send=OK|raw=ok|parsed=OK,196,196,0,0,0,10.3454,12.8074,46,96,273,0,0,0,0,0,OK,100,1,0,10,141.4,0,76,3493,4583626,0,0,416.105,563.509,2,254,2,48,0,0,0,0,0,OK,100,3493,4583626,470,0,0,0,0,0,0,1,2920,467,437,437,30,31.7763,960,720,0,0,1,0,OK,0,,0,vision,,,CONNECTED,0,pitch,11,1,0,0,0,0,0,1,0,0,0,0,0,125,249,1,0,2,0,0,0,0,111,326,105,194,3,3,0,0,0,battery?,77,OK,37,3558,3558
,gui,,CONTROL_PANEL,22692,26,1,1,0,32,32,32,streamon,ok,OK,vision,,attempt=1|send=OK|raw=ok|parsed=OK,208,208,0,0,0,10.7159,11.258,8,93,273,0,0,0,0,0,OK,100,1,0,10,141.49,0,76,3776,4954474,0,0,1401.05,632.262,9,283,0,48,0,0,0,0,0,OK,100,3776,4954474,507,0,0,0,0,0,0,1,10379,504,472,472,32,32.8488,960,720,0,0,1,0,OK,0,,0,vision,,,CONNECTED,0,pitch,12,1,0,0,0,0,0,1,0,0,0,0,0,125,249,0,0,2,0,0,0,0,120,352,114,207,3,3,0,0,0,battery?,77,OK,37,4683,4683
,gui,,CONTROL_PANEL,23817,27,1,1,0,32,32,32,streamon,ok,OK,vision,,attempt=1|send=OK|raw=ok|parsed=OK,218,218,0,0,0,10.3281,10.2705,151,96,273,0,0,0,0,0,OK,100,1,0,10,141.54,0,76,4044,5306938,0,0,411.342,393.985,2,268,2,48,0,0,0,0,0,OK,100,4044,5306938,543,0,0,0,0,0,0,1,8760,540,506,506,34,27.8826,960,720,0,0,1,0,OK,0,,0,vision,,,CONNECTED,0,pitch,10,1,0,0,0,0,0,1,0,0,0,0,0,125,250,1,0,2,0,0,0,0,129,377,123,218,4,4,0,0,0,battery?,76,OK,23,784,784
,gui,,CONTROL_PANEL,24941,28,1,1,0,32,32,32,streamon,ok,OK,vision,,attempt=1|send=OK|raw=ok|parsed=OK,231,231,0,0,0,10.8312,17.4076,39,92,273,0,0,0,0,0,OK,100,1,0,10,141.49,0,76,4339,5693240,0,0,73.9134,336.131,0,295,13,48,0,0,0,0,0,OK,100,4339,5693240,585,0,0,0,0,0,0,1,1460,582,544,544,38,44.475,960,720,0,0,1,0,OK,0,,0,vision,,,CONNECTED,0,pitch,13,1,0,0,0,0,0,1,0,0,0,0,0,124,250,0,0,2,0,0,0,0,138,406,131,231,4,4,0,0,0,battery?,76,OK,23,1911,1911
,gui,,CONTROL_PANEL,25942,29,1,1,0,32,32,32,streamon,ok,OK,vision,,attempt=1|send=OK|raw=ok|parsed=OK,242,242,0,0,0,12.6278,12.0232,34,79,273,0,0,0,0,0,OK,100,1,0,10,141.75,0,76,4593,6026681,0,0,667.344,448.338,4,254,1,48,0,0,0,0,0,OK,100,4593,6026681,618,0,0,0,0,0,0,1,11083,615,575,575,40,35.3042,960,720,0,0,1,0,OK,0,,0,vision,,,CONNECTED,0,pitch,11,1,0,0,0,0,0,1,0,0,0,0,0,124,250,0,0,2,0,0,0,0,146,429,139,242,4,4,0,0,0,battery?,76,OK,23,2909,2909
,gui,,CONTROL_PANEL,27067,30,1,1,0,32,32,32,streamon,ok,OK,vision,,attempt=1|send=OK|raw=ok|parsed=OK,253,253,0,0,0,9.38457,10.7911,65,106,273,0,0,0,0,0,OK,100,1,0,10,141.4,0,76,4873,6396480,0,0,411.031,615.687,1,280,2,48,0,0,0,0,0,OK,100,4873,6396480,656,0,0,0,0,0,0,1,5840,653,611,611,42,33.7823,960,720,0,0,1,0,OK,0,,0,vision,,,CONNECTED,0,pitch,11,1,0,0,0,0,0,1,0,0,0,0,0,125,249,0,0,2,0,0,0,0,156,455,148,252,4,4,0,0,0,battery?,76,OK,23,4035,4035
,gui,,CONTROL_PANEL,28191,31,1,1,0,32,32,32,streamon,ok,OK,vision,,attempt=1|send=OK|raw=ok|parsed=OK,265,265,0,0,0,12.9206,12.5129,75,77,273,0,0,0,0,0,OK,100,1,0,10,141.43,0,75,5154,6764023,0,0,1721.88,752.159,13,281,0,48,0,0,0,0,0,OK,100,5154,6764023,693,0,0,0,0,0,0,1,10292,690,646,646,44,37.0838,960,720,0,0,1,0,OK,0,,0,vision,,,CONNECTED,0,pitch,12,1,0,0,0,0,0,1,0,0,0,0,0,124,249,0,0,2,0,0,0,0,165,481,156,265,5,5,0,0,0,battery?,75,OK,31,127,127
,gui,,CONTROL_PANEL,29192,32,1,1,0,32,32,32,streamon,ok,OK,vision,,attempt=1|send=OK|raw=ok|parsed=OK,276,276,0,0,0,9.59602,14.1372,35,104,273,0,0,0,0,0,OK,100,1,0,10,141.16,0,75,5406,7097491,0,0,1196.14,572.938,2,252,0,48,0,0,0,0,0,OK,100,5406,7097491,727,0,0,0,0,0,0,1,10611,724,678,678,46,33.2888,960,720,0,0,1,0,OK,0,,0,vision,,,CONNECTED,0,pitch,11,1,0,0,0,0,0,1,0,0,0,0,0,124,249,0,0,2,0,0,0,0,172,506,163,276,5,5,0,0,0,battery?,75,OK,31,1127,1127
,gui,,CONTROL_PANEL,30317,33,1,1,0,32,32,32,streamon,ok,OK,vision,,attempt=1|send=OK|raw=ok|parsed=OK,288,288,0,0,0,10.3298,10.7085,13,96,273,0,0,0,0,0,OK,100,1,0,10,141.4,0,75,5685,7466269,0,0,2041.84,774.62,0,279,0,48,0,0,0,0,0,OK,100,5685,7466269,765,0,0,0,0,0,0,1,4380,762,714,714,48,32.8289,960,720,0,0,1,0,OK,0,,0,vision,,,CONNECTED,0,pitch,12,1,0,0,0,0,0,1,0,0,0,0,0,125,250,0,0,2,0,0,0,0,182,532,172,286,5,5,0,0,0,battery?,75,OK,31,2252,2252
,gui,,CONTROL_PANEL,31317,34,1,1,0,32,32,32,streamon,ok,OK,vision,,attempt=1|send=OK|raw=ok|parsed=OK,298,298,0,0,0,25.8804,13.0883,44,38,273,0,0,0,0,0,OK,100,1,0,10,141.5,0,75,5935,7795129,0,0,1783.15,696.205,6,250,0,48,0,0,0,0,0,OK,100,5935,7795129,798,0,0,0,0,0,0,1,10342,795,745,745,50,40.8716,960,720,0,0,1,0,OK,0,,0,vision,,,CONNECTED,0,pitch,10,1,0,0,0,0,0,1,0,0,0,0,0,125,250,0,0,2,0,0,0,0,189,556,179,296,5,5,0,0,0,battery?,75,OK,31,3252,3252
,gui,,CONTROL_PANEL,32317,35,1,1,0,32,32,32,streamon,ok,OK,vision,,attempt=1|send=OK|raw=ok|parsed=OK,308,308,0,0,0,10.5978,11.0187,86,94,273,0,0,0,0,0,OK,100,1,0,10,141.36,0,75,6186,8125241,0,0,265.012,375.618,1,251,3,48,0,0,0,0,0,OK,100,6186,8125241,832,0,0,0,0,0,0,1,7300,829,777,777,52,33.8231,960,720,0,0,1,0,OK,0,,0,vision,,,CONNECTED,0,pitch,10,1,0,0,0,0,0,1,0,0,0,0,0,125,250,1,0,2,0,0,0,0,198,579,187,300,5,5,0,0,0,battery?,75,OK,31,4253,4253
,gui,,CONTROL_PANEL,33442,36,1,1,0,32,32,32,streamon,ok,OK,vision,,attempt=1|send=OK|raw=ok|parsed=OK,320,320,0,0,0,20.6973,13.0075,57,48,273,0,0,0,0,0,OK,100,1,0,10,141.3,0,75,6464,8489859,0,0,472.515,432.743,14,278,2,48,0,0,0,0,0,OK,100,6464,8489859,871,0,0,0,0,0,0,1,11287,868,812,812,56,44.309,960,720,0,0,1,0,OK,0,,0,vision,,,CONNECTED,0,pitch,12,1,0,0,0,0,0,1,0,0,0,0,0,124,250,0,0,2,0,0,0,0,207,605,196,300,6,6,0,0,0,battery?,75,OK,17,360,360
,gui,,CONTROL_PANEL,34442,37,1,1,0,32,32,32,streamon,ok,OK,vision,,attempt=1|send=OK|raw=ok|parsed=OK,331,331,0,0,0,10.8103,12.7261,57,92,273,0,0,0,0,0,OK,100,1,0,10,141.41,0,75,6717,8824968,0,0,631.907,423.435,0,253,1,48,0,0,0,0,0,OK,100,6717,8824968,905,0,0,0,0,0,0,1,11221,902,844,844,58,34.3164,960,720,0,0,1,0,OK,0,,0,vision,,,CONNECTED,0,pitch,11,1,0,0,0,0,0,1,0,0,0,0,0,124,250,0,0,2,0,0,0,0,215,629,204,300,6,6,0,0,0,battery?,75,OK,17,1360,1360
,gui,,CONTROL_PANEL,35442,38,1,1,0,32,32,32,streamon,ok,OK,vision,,attempt=1|send=OK|raw=ok|parsed=OK,341,341,0,0,0,10.4695,12.6843,14,95,273,0,0,0,0,0,OK,100,1,0,10,141.06,0,75,6964,9149845,0,0,62.5521,365.376,2,247,15,48,0,0,0,0,0,OK,100,6964,9149845,939,0,0,0,0,0,0,1,1460,936,876,876,60,34.233,960,720,0,0,1,0,OK,0,,0,vision,,,CONNECTED,0,pitch,10,1,0,0,0,0,0,1,0,0,0,0,0,124,250,0,0,2,0,0,0,0,223,653,212,300,6,6,0,0,0,battery?,75,OK,17,2360,2360
,gui,,CONTROL_PANEL,36442,39,1,1,0,32,32,32,streamon,ok,OK,vision,,attempt=1|send=OK|raw=ok|parsed=OK,351,351,0,0,0,9.80865,11.2228,33,101,273,0,0,0,0,0,OK,100,1,0,10,141.08,0,75,7217,9482766,0,0,1439.62,636.769,10,253,0,48,0,0,0,0,0,OK,100,7217,9482766,972,0,0,0,0,0,0,1,10335,969,907,907,62,33.1157,960,720,0,0,1,0,OK,0,,0,vision,,,CONNECTED,0,pitch,10,1,0,0,0,0,0,1,0,0,0,0,0,124,250,0,0,2,0,0,0,0,231,676,220,300,6,6,0,0,0,battery?,75,OK,17,3360,3360
,gui,,CONTROL_PANEL,37442,40,1,1,0,32,32,32,streamon,ok,OK,vision,,attempt=1|send=OK|raw=ok|parsed=OK,361,361,0,0,0,70.9556,21.7498,66,14,273,0,0,0,0,0,OK,100,1,0,10,141.06,0,74,7460,9802485,0,0,411.621,488.738,2,243,2,48,0,0,0,0,0,OK,100,7460,9802485,1005,0,0,0,0,0,0,1,7300,1002,938,938,64,39.9656,960,720,0,0,1,0,OK,0,,0,vision,,,CONNECTED,0,pitch,10,1,0,0,0,0,0,1,0,0,0,0,0,125,249,0,0,2,0,0,0,0,239,699,228,300,6,6,0,0,0,battery?,75,OK,17,4360,4360
,gui,,CONTROL_PANEL,38567,41,1,1,0,32,32,32,streamon,ok,OK,vision,,attempt=1|send=OK|raw=ok|parsed=OK,373,373,0,0,0,12.9748,12.4938,45,77,273,0,0,0,0,0,OK,100,1,0,10,141.38,0,74,7749,10180668,0,0,1458.25,787.878,14,289,0,48,0,0,0,0,0,OK,100,7749,10180668,1043,0,0,0,0,0,0,1,10368,1040,974,974,66,37.6246,960,720,0,0,1,0,OK,0,,0,vision,,,CONNECTED,0,pitch,12,1,0,0,0,0,0,1,0,0,0,0,0,125,250,0,0,2,0,0,0,0,249,725,237,300,7,7,0,0,0,battery?,74,OK,57,427,427
,gui,,CONTROL_PANEL,39567,42,1,1,0,32,32,32,streamon,ok,OK,vision,,attempt=1|send=OK|raw=ok|parsed=OK,383,383,0,0,0,6.23328,11.5345,61,160,273,0,0,0,0,0,OK,100,1,0,10,141.41,0,74,7993,10501949,0,0,411.412,450.643,1,244,2,48,0,0,0,0,0,OK,100,7993,10501949,1076,0,0,0,0,0,0,1,8760,1073,1005,1005,68,41.0632,960,720,0,0,1,0,OK,0,,0,vision,,,CONNECTED,0,pitch,10,1,0,0,0,0,0,1,0,0,0,0,0,125,250,1,0,2,0,0,0,0,257,748,245,300,7,7,0,0,0,battery?,74,OK,57,1427,1427
,gui,,CONTROL_PANEL,40692,43,1,1,0,32,32,32,streamon,ok,OK,vision,,attempt=1|send=OK|raw=ok|parsed=OK,395,395,0,0,0,6.01657,10.4294,32,166,273,0,0,0,0,0,OK,100,1,0,10,141.2,0,74,8270,10865114,0,0,421.968,523.988,0,277,2,48,0,0,0,0,0,OK,100,8270,10865114,1113,0,0,0,0,0,0,1,7300,1110,1040,1040,70,36.6757,960,720,0,0,1,0,OK,0,,0,vision,,,CONNECTED,0,pitch,12,1,0,0,0,0,0,1,0,0,0,0,0,124,249,0,0,2,0,0,0,0,266,774,254,300,7,7,0,0,0,battery?,74,OK,57,2552,2552
,gui,,CONTROL_PANEL,41692,44,1,1,0,32,32,32,streamon,ok,OK,vision,,attempt=1|send=OK|raw=ok|parsed=OK,406,406,0,0,0,20.2566,14.7739,54,49,273,0,0,0,0,0,OK,100,1,0,10,141.25,0,74,8520,11194191,0,0,53.9813,398.636,16,250,18,48,0,0,0,0,0,OK,100,8520,11194191,1147,0,0,0,0,0,0,1,2920,1144,1072,1072,72,29.2972,960,720,0,0,1,0,OK,0,,0,vision,,,CONNECTED,0,pitch,11,1,0,0,0,0,0,1,0,0,0,0,0,124,249,0,0,2,0,0,0,0,274,798,262,300,7,7,0,0,0,battery?,74,OK,57,3552,3552
,gui,,CONTROL_PANEL,42692,45,1,1,0,32,32,32,streamon,ok,OK,vision,,attempt=1|send=OK|raw=ok|parsed=OK,416,416,0,0,0,28.5159,14.5711,102,35,273,0,0,0,0,0,OK,100,1,0,10,141.38,0,74,8786,11543781,0,0,412.227,451.544,0,266,2,48,0,0,0,0,0,OK,100,8786,11543781,1182,0,0,0,0,0,0,1,8760,1179,1105,1105,74,36.3627,960,720,0,0,1,0,OK,0,,0,vision,,,CONNECTED,0,pitch,10,1,0,0,0,0,0,1,0,0,0,0,0,124,249,0,0,2,0,0,0,0,282,823,270,300,7,7,0,0,0,battery?,74,OK,57,4552,4552
,gui,,CONTROL_PANEL,43817,46,1,1,0,32,32,32,streamon,ok,OK,vision,,attempt=1|send=OK|raw=ok|parsed=OK,428,428,0,0,0,29.857,13.8144,40,33,273,0,0,0,0,0,OK,100,1,0,10,141.34,0,74,9056,11898014,0,0,423.492,472.659,0,270,2,48,0,0,0,0,0,OK,100,9056,11898014,1218,0,0,0,0,0,0,1,8760,1215,1139,1139,76,41.2706,960,720,0,0,1,0,OK,0,,0,vision,,,CONNECTED,0,pitch,12,1,0,0,0,0,0,1,0,0,0,0,0,125,250,1,0,2,0,0,0,0,291,848,279,300,8,8,0,0,0,battery?,74,OK,39,637,637
,gui,,CONTROL_PANEL,44817,47,1,1,0,32,32,32,streamon,ok,OK,vision,,attempt=1|send=OK|raw=ok|parsed=OK,439,439,0,0,0,13.8021,17.0352,29,72,273,0,0,0,0,0,OK,100,1,0,10,141.12,0,74,9315,12235893,0,0,424.194,375.557,0,259,2,48,0,0,0,0,0,OK,100,9315,12235893,1255,0,0,0,0,0,0,1,7300,1252,1172,1172,80,46.7399,960,720,0,0,1,0,OK,0,,0,vision,,,CONNECTED,0,pitch,11,1,0,0,0,0,0,1,0,0,0,0,0,125,250,1,0,2,0,0,0,0,299,873,287,300,8,8,0,0,0,battery?,74,OK,39,1638,1638
,gui,,CONTROL_PANEL,45942,48,1,1,0,32,32,32,streamon,ok,OK,vision,,attempt=1|send=OK|raw=ok|parsed=OK,450,450,0,0,0,9.46134,18.4034,68,105,273,0,0,0,0,0,OK,100,1,0,10,141.15,0,74,9599,12612286,0,0,413.647,493.319,0,284,2,48,0,0,0,0,0,OK,100,9599,12612286,1293,0,0,0,0,0,0,1,4380,1290,1208,1208,82,38.8592,960,720,0,0,1,0,OK,0,,0,vision,,,CONNECTED,0,pitch,11,1,0,0,0,0,0,1,0,0,0,0,0,124,249,0,0,2,0,0,0,0,308,900,296,300,8,8,0,0,0,battery?,74,OK,39,2762,2762
,gui,,CONTROL_PANEL,46942,49,1,1,0,32,32,32,streamon,ok,OK,vision,,attempt=1|send=OK|raw=ok|parsed=OK,461,461,0,0,0,14.184,11.6896,23,70,273,0,0,0,0,0,OK,100,1,0,10,141.23,0,74,9848,12939661,0,0,106.121,409.29,1,249,9,48,0,0,0,0,0,OK,100,9848,12939661,1326,0,0,0,0,0,0,1,8760,1323,1239,1239,84,37.8178,960,720,0,0,1,0,OK,0,,0,vision,,,CONNECTED,0,pitch,11,1,0,0,0,0,0,1,0,0,0,0,0,124,250,0,0,2,0,0,0,0,316,923,304,300,8,8,0,0,0,battery?,74,OK,39,3762,3762
,gui,,CONTROL_PANEL,47942,50,1,1,0,32,32,32,streamon,ok,OK,vision,,attempt=1|send=OK|raw=ok|parsed=OK,470,470,0,0,0,9.26831,10.8661,166,107,273,0,0,0,0,0,OK,100,1,0,10,141.38,0,74,10069,13229992,0,0,47.5286,160.877,0,221,21,48,0,0,0,0,0,OK,100,10069,13229992,1356,0,0,0,0,0,0,1,7300,1353,1267,1267,86,30.9092,960,720,0,0,1,0,OK,0,,0,vision,,,CONNECTED,0,pitch,9,1,0,0,0,0,0,1,0,0,0,0,0,124,249,0,0,2,0,0,0,0,324,943,311,300,8,8,0,0,0,battery?,74,OK,39,4763,4763
,gui,,CONTROL_PANEL,49067,51,1,1,0,32,32,32,streamon,ok,OK,vision,,attempt=1|send=OK|raw=ok|parsed=OK,483,483,0,0,0,11.3525,18.2121,41,88,273,0,0,0,0,0,OK,100,1,0,10,141.29,0,74,10367,13619831,0,0,410.387,610.062,3,298,2,48,0,0,0,0,0,OK,100,10367,13619831,1396,0,0,0,0,0,0,1,1460,1393,1305,1305,88,40.9575,960,720,0,0,1,0,OK,0,,0,vision,,,CONNECTED,0,pitch,13,1,0,0,0,0,0,1,0,0,0,0,0,124,250,4,0,2,0,0,0,0,335,970,320,300,9,9,0,0,0,battery?,74,OK,56,832,832
,gui,,CONTROL_PANEL,50192,52,1,1,0,32,32,32,streamon,ok,OK,vision,,attempt=1|send=OK|raw=ok|parsed=OK,495,495,0,0,0,16.3028,30.7559,26,61,273,0,0,0,0,0,OK,100,1,0,10,141.09,0,74,10621,13954703,0,0,118.384,508.574,1,254,8,55,0,0,0,0,0,OK,100,10621,13954703,1430,0,0,0,0,0,0,1,2920,1427,1337,1337,90,37.9116,960,720,0,0,1,0,OK,0,,0,vision,,,CONNECTED,0,pitch,12,1,0,0,0,0,0,1,0,0,0,0,0,125,250,0,0,2,0,0,0,0,343,994,328,300,9,9,0,0,0,battery?,74,OK,56,1956,1956
,gui,,CONTROL_PANEL,51192,53,1,1,0,32,32,32,streamon,ok,OK,vision,,attempt=1|send=OK|raw=ok|parsed=OK,505,505,0,0,0,10.3431,13.4088,122,96,273,0,0,0,0,0,OK,100,1,0,10,140.96,0,74,10848,14262182,0,0,53.471,299.968,21,227,18,55,0,0,0,0,0,OK,100,10848,14262182,1468,0,0,0,0,0,0,1,1460,1465,1373,1373,92,29.9831,960,720,0,0,1,0,OK,0,,0,vision,,,CONNECTED,0,pitch,10,1,0,0,0,0,0,1,0,0,0,0,0,124,250,0,0,2,0,0,0,0,352,1021,336,300,9,9,0,0,0,battery?,74,OK,56,2956,2956
,gui,,CONTROL_PANEL,52317,54,1,1,0,32,32,32,streamon,ok,OK,vision,,attempt=1|send=OK|raw=ok|parsed=OK,517,517,0,0,0,10.273,11.5457,74,97,273,0,0,0,0,0,OK,100,1,0,10,141.11,0,74,11079,14571962,0,0,412.579,508.628,0,231,2,55,0,0,0,0,0,OK,100,11079,14571962,1509,0,0,0,0,0,0,1,4380,1506,1410,1410,96,43.7611,960,720,0,0,1,0,OK,0,,0,vision,,,CONNECTED,0,pitch,12,1,0,0,0,0,0,1,0,0,0,0,0,125,249,0,0,2,0,0,0,0,361,1049,345,300,9,9,0,0,0,battery?,74,OK,56,4081,4081
,gui,,CONTROL_PANEL,53317,55,1,1,0,32,32,32,streamon,ok,OK,vision,,attempt=1|send=OK|raw=ok|parsed=OK,528,528,0,0,0,10.5701,12.4918,59,94,273,0,0,0,0,0,OK,100,1,0,10,141.35,0,74,11273,14833060,0,0,437.979,415.132,6,194,2,55,0,0,0,0,0,OK,100,11273,14833060,1542,0,0,0,0,0,0,1,8649,1539,1441,1441,98,34.2217,960,720,0,0,1,0,OK,0,,0,vision,,,CONNECTED,0,pitch,11,1,0,0,0,0,0,1,0,0,0,0,0,125,250,1,0,2,0,0,0,0,369,1072,353,300,10,10,0,0,0,battery?,74,OK,21,60,60
,gui,,CONTROL_PANEL,54317,56,1,1,0,32,32,32,streamon,ok,OK,vision,,attempt=1|send=OK|raw=ok|parsed=OK,538,538,0,0,0,11.123,11.2475,91,89,273,0,0,0,0,0,OK,100,1,0,10,141.22,0,74,11463,15091928,0,0,626.78,395.673,19,190,1,55,0,0,0,0,0,OK,100,11463,15091928,1575,0,0,0,0,0,0,1,8909,1572,1472,1472,100,38.051,960,720,0,0,1,0,OK,0,,0,vision,,,CONNECTED,0,pitch,10,1,0,0,0,0,0,1,0,0,0,0,0,125,250,0,0,2,0,0,0,0,377,1095,361,300,10,10,0,0,0,battery?,74,OK,21,1060,1060
,gui,,CONTROL_PANEL,55442,57,1,1,0,32,32,32,streamon,ok,OK,vision,,attempt=1|send=OK|raw=ok|parsed=OK,550,550,0,0,0,10.5634,10.3419,45,94,273,0,0,0,0,0,OK,100,1,0,10,141.36,0,74,11683,15392652,0,0,470.684,354.897,2,220,2,55,0,0,0,0,0,OK,100,11683,15392652,1613,0,0,0,0,0,0,1,8338,1610,1508,1508,102,32.8947,960,720,0,0,1,0,OK,0,,0,vision,,,CONNECTED,0,pitch,12,1,0,0,0,0,0,1,0,0,0,0,0,124,249,0,0,2,0,0,0,0,387,1121,370,300,10,10,0,0,0,battery?,74,OK,21,2184,2184
,gui,,CONTROL_PANEL,56567,58,1,1,0,32,32,32,streamon,ok,OK,vision,,attempt=1|send=OK|raw=ok|parsed=OK,562,562,0,0,0,9.68477,10.9998,49,103,273,0,0,0,0,0,OK,100,1,0,10,141.37,0,74,11902,15692619,0,0,482.104,415.95,2,219,2,55,0,0,0,0,0,OK,100,11902,15692619,1651,0,0,0,0,0,0,1,8394,1648,1544,1544,104,32.3642,960,720,0,0,1,0,OK,0,,0,vision,,,CONNECTED,0,pitch,12,1,0,0,0,0,0,1,0,0,0,0,0,125,250,1,0,2,0,0,0,0,396,1148,379,300,10,10,0,0,0,battery?,74,OK,21,3309,3309
,gui,,CONTROL_PANEL,57567,59,1,1,0,32,32,32,streamon,ok,OK,vision,,attempt=1|send=OK|raw=ok|parsed=OK,573,573,0,0,0,10.6017,10.451,5,94,273,0,0,0,0,0,OK,100,1,0,10,141.12,0,74,12096,15953995,0,0,410.423,418.846,1,194,2,55,0,0,0,0,0,OK,100,12096,15953995,1685,0,0,0,0,0,0,1,2920,1682,1576,1576,106,31.6767,960,720,0,0,1,0,OK,0,,0,vision,,,CONNECTED,0,pitch,11,1,0,0,0,0,0,1,0,0,0,0,0,125,249,0,0,2,0,0,0,0,405,1171,387,300,10,10,0,0,0,battery?,74,OK,21,4309,4309
,gui,,CONTROL_PANEL,58692,60,1,1,0,32,32,32,streamon,ok,OK,vision,,attempt=1|send=OK|raw=ok|parsed=OK,584,584,0,0,0,10.9479,10.4521,65,91,273,0,0,0,0,0,OK,100,1,0,10,141.35,0,74,12313,16251132,0,0,94.4198,332.844,3,217,10,55,0,0,0,0,0,OK,100,12313,16251132,1722,0,0,0,0,0,0,1,8440,1719,1611,1611,108,32.0926,960,720,0,0,1,0,OK,0,,0,vision,,,CONNECTED,0,pitch,11,1,0,0,0,0,0,1,0,0,0,0,0,125,249,1,0,2,0,0,0,0,414,1197,396,300,11,11,0,0,0,battery?,74,OK,43,391,391
,gui,,CONTROL_PANEL,59817,61,1,1,0,32,32,32,streamon,ok,OK,vision,,attempt=1|send=OK|raw=ok|parsed=OK,596,596,0,0,0,10.3735,11.0901,78,96,273,0,0,0,0,0,OK,100,1,0,10,141.39,0,74,12531,16548627,0,0,429.457,407.673,4,218,2,55,0,0,0,0,0,OK,100,12531,16548627,1760,0,0,0,0,0,0,1,5840,1757,1647,1647,110,32.5458,960,720,0,0,1,0,OK,0,,0,vision,,,CONNECTED,0,pitch,12,1,0,0,0,0,0,1,0,0,0,0,0,125,250,1,0,2,0,0,0,0,424,1223,405,300,11,11,0,0,0,battery?,74,OK,43,1516,1516
,gui,,CONTROL_PANEL,60942,62,1,1,0,32,32,32,streamon,ok,OK,vision,,attempt=1|send=OK|raw=ok|parsed=OK,608,608,0,0,0,10.5877,10.455,41,94,273,0,0,0,0,0,OK,100,1,0,10,141.06,0,74,12748,16841964,0,0,1697.78,637.181,9,217,0,55,0,0,0,0,0,OK,100,12748,16841964,1799,0,0,0,0,0,0,1,8870,1796,1682,1682,114,36.2017,960,720,0,0,1,0,OK,0,,0,vision,,,CONNECTED,0,pitch,12,1,0,0,0,0,0,1,0,0,0,0,0,124,250,0,0,2,0,0,0,0,433,1249,414,300,11,11,0,0,0,battery?,74,OK,43,2641,2641
,gui,,CONTROL_PANEL,61942,63,1,1,0,32,32,32,streamon,ok,OK,vision,,attempt=1|send=OK|raw=ok|parsed=OK,618,618,0,0,0,10.3756,10.358,68,96,273,0,0,0,0,0,OK,100,1,0,10,141.14,0,74,12944,17109451,0,0,607.711,482.632,4,196,1,55,0,0,0,0,0,OK,100,12944,17109451,1833,0,0,0,0,0,0,1,8245,1830,1714,1714,116,34.1073,960,720,0,0,1,0,OK,0,,0,vision,,,CONNECTED,0,pitch,10,1,0,0,0,0,0,1,0,0,0,0,0,125,249,0,0,2,0,0,0,0,441,1273,422,300,11,11,0,0,0,battery?,74,OK,43,3641,3641
,gui,,CONTROL_PANEL,63067,64,1,1,0,32,32,32,streamon,ok,OK,vision,,attempt=1|send=OK|raw=ok|parsed=OK,630,630,0,0,0,10.4659,10.7231,84,95,273,0,0,0,0,0,OK,100,1,0,10,141.3,0,74,13160,17405661,0,0,414.9,394.989,0,216,2,55,0,0,0,0,0,OK,100,13160,17405661,1871,0,0,0,0,0,0,1,4380,1868,1750,1750,118,32.0845,960,720,0,0,1,0,OK,0,,0,vision,,,CONNECTED,0,pitch,12,1,0,0,0,0,0,1,0,0,0,0,0,125,250,1,0,2,0,0,0,0,450,1300,431,300,11,11,0,0,0,battery?,74,OK,43,4766,4766
,gui,,CONTROL_PANEL,65688,65,1,1,0,32,32,32,streamon,ok,OK,vision,,attempt=1|send=OK|raw=ok|parsed=OK,657,657,0,0,0,5.38373,94.6644,40,185,273,0,0,0,0,0,OK,100,1,0,10,140.91,0,74,13654,18079604,0,0,408.269,4524.69,0,494,2,55,0,0,0,0,0,OK,100,13654,18079604,1958,0,0,0,0,0,0,1,5840,1955,1831,1831,124,43.4842,960,720,0,0,1,0,OK,0,,0,vision,,,CONNECTED,0,pitch,27,1,0,0,0,0,0,1,0,0,0,0,0,125,250,1,0,2,0,0,0,0,471,1360,433,300,12,11,1,0,0,battery?,,TIMEOUT,2387,7387,0
,gui,,CONTROL_PANEL,66691,66,1,1,0,32,32,32,streamon,ok,OK,vision,,attempt=1|send=OK|raw=ok|parsed=OK,668,668,0,0,0,10.4118,18.4504,65,96,273,0,0,0,0,0,OK,100,1,0,10,141.09,0,74,13862,18358245,0,0,624.527,484.35,8,208,1,55,0,0,0,0,0,OK,100,13862,18358245,1993,0,0,0,0,0,0,1,8874,1990,1864,1864,126,34.3028,960,720,0,0,1,0,OK,0,,0,vision,,,CONNECTED,0,pitch,11,1,0,0,0,0,0,1,0,0,0,0,0,124,250,0,0,2,0,0,0,0,479,1385,441,300,12,11,1,0,0,battery?,,TIMEOUT,2387,8390,1003
,gui,,CONTROL_PANEL,67692,67,1,1,0,32,32,32,streamon,ok,OK,vision,,attempt=1|send=OK|raw=ok|parsed=OK,679,679,0,0,0,10.4756,12.6982,49,95,273,0,0,0,0,0,OK,100,1,0,10,140.85,0,73,14058,18623103,0,0,414.727,495.308,1,196,2,55,0,0,0,0,0,OK,100,14058,18623103,2027,0,0,0,0,0,0,1,5840,2024,1896,1896,128,34.0401,960,720,0,0,1,0,OK,0,,0,vision,,,CONNECTED,0,pitch,11,1,0,0,0,0,0,1,0,0,0,0,0,124,250,0,0,2,0,0,0,0,487,1409,449,300,12,11,1,0,0,battery?,,TIMEOUT,2387,9391,2003
,gui,,CONTROL_PANEL,68692,68,1,1,0,32,32,32,streamon,ok,OK,vision,,attempt=1|send=OK|raw=ok|parsed=OK,689,689,0,0,0,10.6334,10.8017,81,94,273,0,0,0,0,0,OK,100,1,0,10,140.91,0,73,14253,18884602,0,0,603.745,486.976,18,195,1,55,0,0,0,0,0,OK,100,14253,18884602,2060,0,0,0,0,0,0,1,8291,2057,1927,1927,130,33.9561,960,720,0,0,1,0,OK,0,,0,vision,,,CONNECTED,0,pitch,10,1,0,0,0,0,0,1,0,0,0,0,0,125,249,2,0,2,0,0,0,0,495,1432,457,300,12,11,1,0,0,battery?,,TIMEOUT,2387,10391,3003
,gui,,CONTROL_PANEL,69692,69,1,1,0,32,32,32,streamon,ok,OK,vision,,attempt=1|send=OK|raw=ok|parsed=OK,700,700,0,0,0,10.6888,10.3305,6,93,273,0,0,0,0,0,OK,100,1,0,10,141.18,0,73,14448,19151432,0,0,447.734,391.361,7,195,2,55,0,0,0,0,0,OK,100,14448,19151432,2094,0,0,0,0,0,0,1,8488,2091,1959,1959,132,31.8257,960,720,0,0,1,0,OK,0,,0,vision,,,CONNECTED,0,pitch,11,1,0,0,0,0,0,1,0,0,0,0,0,124,250,0,0,2,0,0,0,0,503,1456,465,300,12,11,1,0,0,battery?,,TIMEOUT,2387,11391,4004
,gui,,CONTROL_PANEL,73080,70,1,1,0,32,32,32,streamon,ok,OK,vision,,attempt=1|send=OK|raw=ok|parsed=OK,736,736,0,0,0,10.1954,11.0696,0,98,273,0,0,0,0,0,OK,100,1,0,10,141.3,0,73,15099,20043007,0,0,634.337,444.643,5,651,1,55,0,0,0,0,0,OK,100,15099,20043007,2207,0,0,0,0,0,0,1,8288,2204,2066,2066,138,31.4181,960,720,0,0,1,0,OK,0,,0,vision,,,CONNECTED,0,pitch,36,1,0,0,0,0,0,1,0,0,0,0,0,124,250,0,0,2,0,0,0,0,530,1536,473,300,13,11,2,0,0,battery?,,TIMEOUT,2391,14779,0
,gui,,CONTROL_PANEL,74192,71,1,1,0,32,32,32,streamon,ok,OK,vision,,attempt=1|send=OK|raw=ok|parsed=OK,747,747,0,0,0,10.6947,10.5865,46,93,273,0,0,0,0,0,OK,100,1,0,10,141.25,0,73,15312,20332449,0,0,432.927,466.328,12,213,2,55,0,0,0,0,0,OK,100,15312,20332449,2246,0,0,0,0,0,0,1,8666,2243,2101,2101,142,37.8341,960,720,0,0,1,0,OK,0,,0,vision,,,CONNECTED,0,pitch,11,1,0,0,0,0,0,1,0,0,0,0,0,124,262,1,0,2,0,0,0,0,539,1562,482,300,13,11,2,0,0,battery?,,TIMEOUT,2391,15891,1111
,gui,,CONTROL_PANEL,75317,72,1,1,0,32,32,32,streamon,ok,OK,vision,,attempt=1|send=OK|raw=ok|parsed=OK,759,758,0,0,0,10.8372,10.5716,0,92,273,0,0,0,0,0,OK,100,1,0,10,141.06,0,73,15533,20633778,0,0,629.911,409.839,0,221,1,55,0,0,0,0,0,OK,100,15533,20633778,2284,0,0,0,0,0,0,1,8230,2281,2137,2137,144,34.3258,960,720,0,0,1,0,OK,0,,0,vision,,,CONNECTED,0,pitch,11,1,0,0,0,0,0,1,0,0,0,0,0,125,250,0,0,2,0,0,0,0,548,1589,491,300,13,11,2,0,0,battery?,,TIMEOUT,2391,17016,2236
,gui,,CONTROL_PANEL,76317,73,1,1,0,32,32,32,streamon,ok,OK,vision,,attempt=1|send=OK|raw=ok|parsed=OK,769,769,0,0,0,9.91678,10.8253,74,100,273,0,0,0,0,0,OK,100,1,0,10,140.85,0,73,15723,20893610,0,0,47.2656,325.433,0,190,21,55,0,0,0,0,0,OK,100,15723,20893610,2318,0,0,0,0,0,0,1,1460,2315,2169,2169,146,33.4737,960,720,0,0,1,0,OK,0,,0,vision,,,CONNECTED,0,pitch,11,1,0,0,0,0,0,1,0,0,0,0,0,125,249,1,0,2,0,0,0,0,556,1613,499,300,13,11,2,0,0,battery?,,TIMEOUT,2391,18017,3237
,gui,,CONTROL_PANEL,77317,74,1,1,0,32,32,32,streamon,ok,OK,vision,,attempt=1|send=OK|raw=ok|parsed=OK,780,780,0,0,0,13.808,13.3125,30,72,273,0,0,0,0,0,OK,100,1,0,10,141.35,0,73,15916,21157854,0,0,427.804,356.929,0,193,2,68,0,0,0,0,0,OK,100,15916,21157854,2351,0,0,0,0,0,0,1,7300,2348,2200,2200,148,52.113,960,720,0,0,1,0,OK,0,,0,vision,,,CONNECTED,0,pitch,11,1,0,0,0,0,0,1,0,0,0,0,0,125,250,1,0,2,0,0,0,0,564,1636,507,300,13,11,2,0,0,battery?,,TIMEOUT,2391,19016,4236
,gui,,CONTROL_PANEL,80472,75,1,1,0,32,32,32,streamon,ok,OK,vision,,attempt=1|send=OK|raw=ok|parsed=OK,813,813,0,0,0,23.2139,14.0896,70,43,273,0,0,0,0,0,OK,100,1,0,10,140.93,0,72,16526,21992105,0,0,495.276,430.695,9,610,2,68,0,0,0,0,0,OK,100,16526,21992105,2457,0,0,0,0,0,0,1,8311,2454,2300,2300,154,33.332,960,720,0,0,1,0,OK,0,,0,vision,,,CONNECTED,0,pitch,33,1,0,0,0,0,0,1,0,0,0,0,0,124,250,0,0,2,0,0,0,0,590,1710,514,300,14,11,3,0,0,battery?,,TIMEOUT,2391,22171,0
,gui,,CONTROL_PANEL,81592,76,1,1,0,32,32,32,streamon,ok,OK,vision,,attempt=1|send=OK|raw=ok|parsed=OK,825,825,0,0,0,10.6903,11.0149,25,93,273,0,0,0,0,0,OK,100,1,0,10,141.29,0,72,16742,22288263,0,0,421.655,386.305,1,216,2,68,0,0,0,0,0,OK,100,16742,22288263,2495,0,0,0,0,0,0,1,4380,2492,2336,2336,156,32.8443,960,720,0,0,1,0,OK,0,,0,vision,,,CONNECTED,0,pitch,12,1,0,0,0,0,0,1,0,0,0,0,0,124,238,0,0,2,0,0,0,0,599,1737,523,300,14,11,3,0,0,battery?,,TIMEOUT,2391,23291,1119
,gui,,CONTROL_PANEL,82592,77,1,1,0,32,32,32,streamon,ok,OK,vision,,attempt=1|send=OK|raw=ok|parsed=OK,835,835,0,0,0,10.1204,10.4146,63,98,273,0,0,0,0,0,OK,100,1,0,10,141.14,0,72,16936,22550742,0,0,450.538,373.07,4,194,2,68,0,0,0,0,0,OK,100,16936,22550742,2528,0,0,0,0,0,0,1,8545,2525,2367,2367,158,34.2349,960,720,0,0,1,0,OK,0,,0,vision,,,CONNECTED,0,pitch,10,1,0,0,0,0,0,1,0,0,0,0,0,125,249,1,0,2,0,0,0,0,607,1760,531,300,14,11,3,0,0,battery?,,TIMEOUT,2391,24291,2119
,gui,,CONTROL_PANEL,83717,78,1,1,0,32,32,32,streamon,ok,OK,vision,,attempt=1|send=OK|raw=ok|parsed=OK,847,847,0,0,0,10.3646,10.474,31,96,273,0,0,0,0,0,OK,100,1,0,10,140.92,0,72,17158,22850581,0,0,1231.39,612.742,4,222,0,68,0,0,0,0,0,OK,100,17158,22850581,2568,0,0,0,0,0,0,1,9050,2565,2403,2403,162,35.5645,960,720,0,0,1,0,OK,0,,0,vision,,,CONNECTED,0,pitch,12,1,0,0,0,0,0,1,0,0,0,0,0,124,250,1,0,2,0,0,0,0,616,1787,540,300,14,11,3,0,0,battery?,,TIMEOUT,2391,25416,3244
,gui,,CONTROL_PANEL,84717,79,1,1,0,32,32,32,streamon,ok,OK,vision,,attempt=1|send=OK|raw=ok|parsed=OK,858,858,0,0,0,11.0494,10.6048,14,90,273,0,0,0,0,0,OK,100,1,0,10,141,0,72,17350,23113252,0,0,407.394,377.199,3,192,2,68,0,0,0,0,0,OK,100,17350,23113252,2602,0,0,0,0,0,0,1,4380,2599,2435,2435,164,34.9751,960,720,0,0,1,0,OK,0,,0,vision,,,CONNECTED,0,pitch,11,1,0,0,0,0,0,1,0,0,0,0,0,124,250,0,0,2,0,0,0,0,624,1811,548,300,14,11,3,0,0,battery?,,TIMEOUT,2391,26416,4244
,gui,,CONTROL_PANEL,87864,80,1,1,0,32,32,32,streamon,ok,OK,vision,,attempt=1|send=OK|raw=ok|parsed=OK,891,891,0,0,0,10.174,14.9104,8,98,273,0,0,0,0,0,OK,100,1,0,10,140.98,0,72,17956,23942413,0,0,466.889,396.226,21,606,2,68,0,0,0,0,0,OK,100,17956,23942413,2707,0,0,0,0,0,0,1,8375,2704,2534,2534,170,43.5934,960,720,0,0,1,0,OK,0,,0,vision,,,CONNECTED,0,pitch,33,1,0,0,0,0,0,1,0,0,0,0,0,125,249,1,0,2,0,0,0,0,650,1884,555,300,15,11,4,0,0,battery?,,TIMEOUT,2391,29563,0
,gui,,CONTROL_PANEL,88867,81,1,1,0,32,32,32,streamon,ok,OK,vision,,attempt=1|send=OK|raw=ok|parsed=OK,901,901,0,0,0,9.44804,12.7356,85,105,273,0,0,0,0,0,OK,100,1,0,10,140.93,0,72,18151,24209096,0,0,596.836,430.282,15,195,1,68,0,0,0,0,0,OK,100,18151,24209096,2741,0,0,0,0,0,0,1,8278,2738,2566,2566,172,32.9196,960,720,0,0,1,0,OK,0,,0,vision,,,CONNECTED,0,pitch,10,1,0,0,0,0,0,1,0,0,0,0,0,124,261,1,0,2,0,0,0,0,658,1908,563,300,15,11,4,0,0,battery?,,TIMEOUT,2391,30565,1002
,gui,,CONTROL_PANEL,89867,82,1,1,0,32,32,32,streamon,ok,OK,vision,,attempt=1|send=OK|raw=ok|parsed=OK,912,912,0,0,0,10.2955,10.7793,30,97,273,0,0,0,0,0,OK,100,1,0,10,141.38,0,72,18346,24475853,0,0,456.133,405.922,5,195,2,68,0,0,0,0,0,OK,100,18346,24475853,2775,0,0,0,0,0,0,1,8387,2772,2598,2598,174,31.9278,960,720,0,0,1,0,OK,0,,0,vision,,,CONNECTED,0,pitch,11,1,0,0,0,0,0,1,0,0,0,0,0,125,250,0,0,2,0,0,0,0,666,1932,571,300,15,11,4,0,0,battery?,,TIMEOUT,2391,31566,2002
,gui,,CONTROL_PANEL,90867,83,1,1,0,32,32,32,streamon,ok,OK,vision,,attempt=1|send=OK|raw=ok|parsed=OK,922,922,0,0,0,9.19967,10.9111,59,108,273,0,0,0,0,0,OK,100,1,0,10,140.88,0,72,18539,24739976,0,0,413.505,381.202,1,193,2,68,0,0,0,0,0,OK,100,18539,24739976,2809,0,0,0,0,0,0,1,5840,2806,2630,2630,176,33.5004,960,720,0,0,1,0,OK,0,,0,vision,,,CONNECTED,0,pitch,10,1,0,0,0,0,0,1,0,0,0,0,0,125,249,1,0,2,0,0,0,0,674,1956,579,300,15,11,4,0,0,battery?,,TIMEOUT,2391,32566,3002
,gui,,CONTROL_PANEL,91992,84,1,1,0,32,32,32,streamon,ok,OK,vision,,attempt=1|send=OK|raw=ok|parsed=OK,934,934,0,0,0,7.33596,10.7505,39,136,273,0,0,0,0,0,OK,100,1,0,10,141.21,0,72,18755,25034143,0,0,632.51,397.803,10,216,1,68,0,0,0,0,0,OK,100,18755,25034143,2846,0,0,0,0,0,0,1,8256,2843,2665,2665,178,32.2723,960,720,0,0,1,0,OK,0,,0,vision,,,CONNECTED,0,pitch,12,1,0,0,0,0,0,1,0,0,0,0,0,125,250,2,0,2,0,0,0,0,683,1982,588,300,15,11,4,0,0,battery?,,TIMEOUT,2391,33691,4127
,gui,,CONTROL_PANEL,95256,85,1,1,0,32,32,32,streamon,ok,OK,vision,,attempt=1|send=OK|raw=ok|parsed=OK,968,968,0,0,0,9.75737,13.4537,94,102,273,0,0,0,0,0,OK,100,1,0,10,140.76,0,72,19388,25896887,0,0,418.117,362.747,3,633,2,68,0,0,0,0,0,OK,100,19388,25896887,2958,0,0,0,0,0,0,1,4380,2955,2769,2769,186,33.5382,960,720,0,0,1,0,OK,0,,0,vision,,,CONNECTED,0,pitch,34,1,0,0,0,0,0,1,0,0,0,0,0,125,250,0,0,2,0,0,0,0,709,2060,595,300,16,11,5,0,0,battery?,,TIMEOUT,2391,36955,0
,gui,,CONTROL_PANEL,96366,86,1,1,0,32,32,32,streamon,ok,OK,vision,,attempt=1|send=OK|raw=ok|parsed=OK,980,980,0,0,0,8.97413,10.3709,37,111,273,0,0,0,0,0,OK,100,1,0,10,140.84,0,72,19604,26192481,0,0,466.272,399.629,0,216,2,68,0,0,0,0,0,OK,100,19604,26192481,2995,0,0,0,0,0,0,1,8323,2992,2804,2804,188,33.4426,960,720,0,0,1,0,OK,0,,0,vision,,,CONNECTED,0,pitch,12,1,0,0,0,0,0,1,0,0,0,0,0,124,237,1,0,2,0,0,0,0,718,2086,604,300,16,11,5,0,0,battery?,,TIMEOUT,2391,38065,1110
,gui,,CONTROL_PANEL,97367,87,1,1,0,32,32,32,streamon,ok,OK,vision,,attempt=1|send=OK|raw=ok|parsed=OK,991,991,0,0,0,29.3521,14.1126,36,34,273,0,0,0,0,0,OK,100,1,0,10,141.08,0,72,19793,26451047,0,0,449.075,376.688,18,189,2,68,0,0,0,0,0,OK,100,19793,26451047,3028,0,0,0,0,0,0,1,8522,3025,2835,2835,190,33.4396,960,720,0,0,1,0,OK,0,,0,vision,,,CONNECTED,0,pitch,11,1,0,0,0,0,0,1,0,0,0,0,0,124,242,2,0,2,0,0,0,0,726,2109,611,300,16,11,5,0,0,battery?,,TIMEOUT,2391,39066,2110
,gui,,CONTROL_PANEL,98492,88,1,1,0,32,32,32,streamon,ok,OK,vision,,attempt=1|send=OK|raw=ok|parsed=OK,1002,1002,0,0,0,10.3364,10.7859,94,96,273,0,0,0,0,0,OK,100,1,0,10,140.95,0,72,20006,26742590,0,0,465.547,375.956,33,213,2,68,0,0,0,0,0,OK,100,20006,26742590,3065,0,0,0,0,0,0,1,8309,3062,2870,2870,192,32.3804,960,720,0,0,1,0,OK,0,,0,vision,,,CONNECTED,0,pitch,11,1,0,0,0,0,0,1,0,0,0,0,0,125,250,0,0,2,0,0,0,0,735,2135,620,300,16,11,5,0,0,battery?,,TIMEOUT,2391,40191,3235
,gui,,CONTROL_PANEL,99492,89,1,1,0,32,32,32,streamon,ok,OK,vision,,attempt=1|send=OK|raw=ok|parsed=OK,1013,1013,0,0,0,10.3435,10.7619,24,96,273,0,0,0,0,0,OK,100,1,0,10,140.88,0,72,20204,27013744,0,0,413.323,359.941,0,198,2,68,0,0,0,0,0,OK,100,20204,27013744,3100,0,0,0,0,0,0,1,4380,3097,2903,2903,194,31.98,960,720,0,0,1,0,OK,0,,0,vision,,,CONNECTED,0,pitch,11,1,0,0,0,0,0,1,0,0,0,0,0,124,250,0,0,2,0,0,0,0,744,2159,628,300,16,11,5,0,0,battery?,,TIMEOUT,2391,41191,4235
,gui,,CONTROL_PANEL,99957,90,1,1,0,32,32,32,streamon,ok,OK,vision,,attempt=1|send=OK|raw=ok|parsed=OK,1017,1017,0,0,0,9.95109,10.4831,101,100,273,0,0,0,0,0,OK,100,1,0,10,140.72,0,72,20204,27013744,0,0,413.323,359.941,0,198,2,68,0,0,0,0,0,OK,100,20204,27013744,3100,0,0,0,0,0,0,1,4380,3097,2903,2903,194,31.98,960,720,0,0,1,0,OK,0,,0,log,2026-06-27T17:52:22.069,recording stopped,CONNECTED,0,pitch,4,1,0,0,0,0,0,1,0,0,0,0,0,124,249,1,0,2,0,0,0,0,747,2169,632,300,16,11,5,0,0,battery?,,TIMEOUT,2391,41656,4700
,gui,,CONTROL_PANEL,99957,91,1,1,0,32,32,32,streamon,ok,OK,vision,,attempt=1|send=OK|raw=ok|parsed=OK,1017,1017,0,0,0,9.95109,10.4831,101,100,273,0,0,0,0,0,OK,100,1,0,10,140.72,0,72,20204,27013744,0,0,413.323,359.941,0,198,2,68,0,0,0,0,0,OK,100,20204,27013744,3100,0,0,0,0,0,0,1,4380,3097,2903,2903,194,31.98,960,720,0,0,1,0,OK,0,,0,logging:stop,,,CONNECTED,0,pitch,0,1,0,0,0,0,0,1,0,0,0,0,0,124,249,1,0,2,0,0,0,0,747,2169,632,300,16,11,5,0,0,battery?,,TIMEOUT,2391,41656,4700
