state_sequence,timestamp_ms,recording_elapsed_ms,pitch,roll,yaw,vgx,vgy,vgz,templ,temph,tof,h,bat,baro,time,agx,agy,agz,mid,x,y,z,rc_a,rc_b,rc_c,rc_d,rc_source,rc_result,rc_timestamp_ms,rc_sequence
94,1782601044055,0,0,1,0,0,0,0,63,65,10,0,38,141.89,0,-16,-20,-1001,-1,0,0,0,,,,,,,,
95,1782601044151,96,0,1,0,0,0,0,63,65,10,0,38,141.86,0,-16,-21,-1000,-1,0,0,0,,,,,,,,
96,1782601044247,192,0,1,0,0,0,0,62,65,10,0,38,141.77,0,-19,-22,-997,-1,0,0,0,,,,,,,,
97,1782601044343,288,0,1,0,0,0,0,62,65,10,0,38,142.02,0,-16,-21,-997,-1,0,0,0,,,,,,,,
98,1782601044439,384,0,1,0,0,0,0,62,65,10,0,38,141.98,0,-16,-20,-999,-1,0,0,0,,,,,,,,
99,1782601044487,432,0,1,0,0,0,0,62,65,10,0,38,141.71,0,-16,-21,-999,-1,0,0,0,,,,,,,,
100,1782601044583,528,0,1,0,0,0,0,62,65,10,0,38,141.69,0,-18,-20,-998,-1,0,0,0,,,,,,,,
101,1782601044679,624,0,1,0,0,0,0,62,65,10,0,38,142.09,0,-20,-18,-999,-1,0,0,0,,,,,,,,
102,1782601044775,720,0,1,0,0,0,0,62,65,10,0,38,142.14,0,-20,-19,-998,-1,0,0,0,,,,,,,,
103,1782601044871,816,0,1,0,0,0,0,62,65,10,0,38,142.07,0,-15,-20,-998,-1,0,0,0,,,,,,,,
104,1782601044966,911,0,1,0,0,0,0,62,65,10,0,38,141.97,0,-17,-19,-997,-1,0,0,0,,,,,,,,
105,1782601045062,1007,0,1,0,0,0,0,62,65,10,0,38,142.06,0,-17,-19,-998,-1,0,0,0,,,,,,,,
106,1782601045159,1104,0,1,0,0,0,0,64,66,10,0,38,142.17,0,-17,-22,-999,-1,0,0,0,,,,,,,,
107,1782601045254,1199,0,1,0,0,0,0,64,66,10,0,38,141.89,0,-16,-20,-998,-1,0,0,0,,,,,,,,
108,1782601045350,1295,0,1,0,0,0,0,64,66,10,0,38,142.18,0,-18,-21,-997,-1,0,0,0,,,,,,,,
109,1782601045446,1391,0,1,0,0,0,0,64,66,10,0,38,141.79,0,-18,-19,-1000,-1,0,0,0,,,,,,,,
110,1782601045542,1487,0,1,0,0,0,0,64,66,10,0,38,141.73,0,-17,-19,-998,-1,0,0,0,,,,,,,,
111,1782601045638,1583,0,1,0,0,0,0,64,66,10,0,38,142.25,0,-18,-21,-1001,-1,0,0,0,,,,,,,,
112,1782601045741,1686,0,1,0,0,0,0,64,66,10,0,38,141.8,0,-18,-19,-999,-1,0,0,0,,,,,,,,
113,1782601045834,1779,0,1,0,0,0,0,64,66,10,0,38,141.95,0,-19,-22,-997,-1,0,0,0,,,,,,,,
114,1782601045925,1870,0,1,0,0,0,0,64,66,10,0,38,142.22,0,-17,-20,-1001,-1,0,0,0,,,,,,,,
115,1782601046022,1967,0,1,0,0,0,0,64,66,10,0,38,141.98,0,-16,-20,-999,-1,0,0,0,,,,,,,,
116,1782601046117,2062,0,1,0,0,0,0,63,66,10,0,38,142.05,0,-18,-19,-999,-1,0,0,0,,,,,,,,
117,1782601046213,2158,0,1,0,0,0,0,63,66,10,0,38,142.2,0,-15,-21,-998,-1,0,0,0,,,,,,,,
118,1782601046309,2254,0,1,0,0,0,0,63,66,10,0,38,141.71,0,-17,-20,-998,-1,0,0,0,,,,,,,,
119,1782601046405,2350,0,1,0,0,0,0,63,66,10,0,38,141.79,0,-18,-18,-999,-1,0,0,0,,,,,,,,
120,1782601046501,2446,0,1,0,0,0,0,63,66,10,0,38,141.74,0,-17,-20,-1000,-1,0,0,0,,,,,,,,
121,1782601046597,2542,0,1,0,0,0,0,63,66,10,0,38,142.1,0,-17,-19,-997,-1,0,0,0,,,,,,,,
122,1782601046693,2638,0,1,0,0,0,0,63,66,10,0,38,142.01,0,-16,-21,-999,-1,0,0,0,,,,,,,,
123,1782601046793,2738,0,1,0,0,0,0,63,66,10,0,38,142.21,0,-16,-20,-997,-1,0,0,0,,,,,,,,
124,1782601046836,2781,0,1,0,0,0,0,63,66,10,0,38,142.34,0,-16,-21,-1001,-1,0,0,0,,,,,,,,
125,1782601046934,2879,0,1,0,0,0,0,63,66,10,0,38,142.18,0,-16,-21,-999,-1,0,0,0,,,,,,,,
126,1782601047029,2974,0,1,0,0,0,0,64,66,10,0,38,141.96,0,-17,-21,-997,-1,0,0,0,,,,,,,,
127,1782601047126,3071,0,1,0,0,0,0,64,66,10,0,38,142.07,0,-18,-21,-1000,-1,0,0,0,,,,,,,,
128,1782601047222,3167,0,1,0,0,0,0,64,66,10,0,38,141.86,0,-17,-19,-1000,-1,0,0,0,,,,,,,,
129,1782601047319,3264,0,1,0,0,0,0,64,66,10,0,38,142.09,0,-18,-20,-997,-1,0,0,0,,,,,,,,
130,1782601047412,3357,0,1,0,0,0,0,64,66,10,0,38,141.91,0,-18,-23,-998,-1,0,0,0,,,,,,,,
131,1782601047508,3453,0,1,0,0,0,0,64,66,10,0,38,141.9,0,-19,-21,-996,-1,0,0,0,,,,,,,,
132,1782601047604,3549,0,1,0,0,0,0,64,66,10,0,38,142.06,0,-17,-19,-998,-1,0,0,0,,,,,,,,
133,1782601047700,3645,0,1,0,0,0,0,64,66,10,0,38,142.1,0,-16,-20,-998,-1,0,0,0,,,,,,,,
134,1782601047795,3740,0,1,0,0,0,0,64,66,10,0,38,141.7,0,-18,-20,-999,-1,0,0,0,,,,,,,,
135,1782601047891,3836,0,1,0,0,0,0,64,66,10,0,38,141.58,0,-17,-20,-1000,-1,0,0,0,,,,,,,,
136,1782601047987,3932,0,1,0,0,0,0,64,66,10,0,38,142.14,0,-18,-19,-998,-1,0,0,0,,,,,,,,
137,1782601048083,4028,0,1,0,0,0,0,64,66,10,0,38,142.03,0,-17,-21,-999,-1,0,0,0,,,,,,,,
138,1782601048179,4124,0,1,0,0,0,0,64,66,10,0,38,141.8,0,-14,-22,-999,-1,0,0,0,,,,,,,,
139,1782601048275,4220,0,1,0,0,0,0,64,66,10,0,38,142.11,0,-16,-18,-998,-1,0,0,0,,,,,,,,
140,1782601048371,4316,0,1,0,0,0,0,64,66,10,0,38,142.06,0,-18,-18,-998,-1,0,0,0,,,,,,,,
141,1782601048467,4412,0,1,0,0,0,0,64,66,10,0,38,142.14,0,-19,-20,-1000,-1,0,0,0,,,,,,,,
142,1782601048563,4508,0,1,0,0,0,0,64,66,10,0,38,141.93,0,-16,-20,-1000,-1,0,0,0,,,,,,,,
143,1782601048659,4604,0,1,0,0,0,0,64,66,10,0,38,141.88,0,-14,-19,-1000,-1,0,0,0,,,,,,,,
144,1782601048755,4700,0,1,0,0,0,0,64,66,10,0,38,141.78,0,-17,-20,-998,-1,0,0,0,0,0,0,0,"keyboard-control","OK",1782601048733,1
145,1782601048850,4795,0,1,0,0,0,0,64,66,10,0,38,141.86,0,-16,-21,-999,-1,0,0,0,0,0,0,0,"keyboard-control","OK",1782601048830,3
146,1782601048946,4891,0,1,0,0,0,0,64,66,10,0,38,141.95,0,-19,-19,-999,-1,0,0,0,0,0,0,0,"keyboard-control","OK",1782601048929,5
147,1782601049042,4987,0,1,0,0,0,0,64,66,10,0,38,142.12,0,-16,-21,-1000,-1,0,0,0,0,0,0,0,"keyboard-control","OK",1782601049029,7
148,1782601049138,5083,0,1,0,0,0,0,64,66,10,0,38,142.11,0,-14,-21,-997,-1,0,0,0,0,0,0,0,"keyboard-control","OK",1782601049129,9
149,1782601049234,5179,0,1,0,0,0,0,64,66,10,0,38,141.85,0,-18,-22,-997,-1,0,0,0,0,0,0,0,"keyboard-control","OK",1782601049229,11
150,1782601049283,5228,0,1,0,0,0,0,64,66,10,0,38,141.77,0,-11,-19,-1000,-1,0,0,0,0,0,0,0,"keyboard-control","OK",1782601049279,12
151,1782601049378,5323,0,1,0,0,0,0,64,66,10,0,38,141.9,0,-16,-22,-1000,-1,0,0,0,0,0,0,0,"keyboard-control","OK",1782601049378,14
152,1782601049474,5419,0,1,0,0,0,0,64,66,10,0,38,142.15,0,-26,-15,-994,-1,0,0,0,0,0,0,0,"keyboard-control","OK",1782601049428,15
153,1782601049570,5515,0,1,0,0,0,0,64,66,10,0,38,141.99,0,-20,-10,-997,-1,0,0,0,0,0,0,0,"keyboard-control","OK",1782601049529,17
154,1782601049666,5611,0,1,0,0,0,0,64,66,10,0,38,142.02,0,-16,-13,-1000,-1,0,0,0,0,0,0,0,"keyboard-control","OK",1782601049628,19
155,1782601049762,5707,0,1,0,0,0,0,64,66,10,0,38,141.87,0,-12,-16,-997,-1,0,0,0,0,0,0,0,"keyboard-control","OK",1782601049729,21
156,1782601049857,5802,0,1,0,0,0,0,64,67,10,0,38,141.86,0,-13,-22,-1000,-1,0,0,0,0,0,0,0,"keyboard-control","OK",1782601049829,23
157,1782601049953,5898,0,1,0,0,0,0,64,67,10,0,38,141.93,0,-17,-23,-1000,-1,0,0,0,0,0,0,0,"keyboard-control","OK",1782601049928,25
158,1782601050049,5994,0,1,0,0,0,0,64,67,10,0,38,141.89,0,-22,-21,-996,-1,0,0,0,0,0,0,0,"keyboard-control","OK",1782601050029,27
159,1782601052375,8320,0,1,0,0,0,0,64,67,10,0,38,141.91,0,-18,-16,-996,-1,0,0,0,0,0,0,0,"keyboard-control","OK",1782601052358,29
160,1782601052472,8417,0,1,0,0,0,0,64,67,10,0,38,141.9,0,-14,-18,-999,-1,0,0,0,0,0,0,0,"keyboard-control","OK",1782601052459,31
161,1782601052567,8512,0,1,0,0,0,0,64,67,10,0,38,141.9,0,-11,-18,-999,-1,0,0,0,0,0,0,0,"keyboard-control","OK",1782601052558,33
162,1782601052663,8608,0,1,0,0,0,0,64,67,10,0,38,141.81,0,-17,-19,-996,-1,0,0,0,0,0,0,0,"keyboard-control","OK",1782601052659,35
163,1782601052759,8704,0,1,0,0,0,0,64,67,10,0,38,142.04,0,-16,-20,-1005,-1,0,0,0,0,0,20,0,"keyboard-control","OK",1782601052759,37
164,1782601052855,8800,0,1,0,0,0,0,64,67,10,0,38,141.91,0,-17,-16,-997,-1,0,0,0,0,0,20,0,"keyboard-control","OK",1782601052809,38
165,1782601052950,8895,0,1,0,0,0,0,64,67,10,0,38,141.94,0,-21,-22,-997,-1,0,0,0,0,0,20,0,"keyboard-control","OK",1782601052909,40
166,1782601053046,8991,0,1,0,0,0,0,64,67,10,0,38,141.94,0,-17,-24,-998,-1,0,0,0,0,0,20,0,"keyboard-control","OK",1782601053009,42
167,1782601053142,9087,0,1,0,0,0,0,64,67,10,0,38,141.65,0,0,-17,-993,-1,0,0,0,0,0,20,0,"keyboard-control","OK",1782601053109,44
168,1782601053238,9183,0,1,0,0,0,0,64,67,10,0,38,141.9,0,-20,-26,-1001,-1,0,0,0,0,0,20,0,"keyboard-control","OK",1782601053209,46
169,1782601053335,9280,0,1,0,0,0,0,64,67,10,0,38,141.84,0,-29,-23,-1000,-1,0,0,0,0,0,20,0,"keyboard-control","OK",1782601053309,48
170,1782601053430,9375,0,1,0,0,0,0,64,67,10,0,38,142.23,0,-23,-24,-997,-1,0,0,0,0,0,20,0,"keyboard-control","OK",1782601053408,50
171,1782601053526,9471,0,1,0,0,0,0,64,67,10,0,38,141.99,0,-15,-21,-1000,-1,0,0,0,0,0,20,0,"keyboard-control","OK",1782601053508,52
172,1782601053622,9567,0,1,0,0,0,0,64,67,10,0,38,141.96,0,-12,-17,-998,-1,0,0,0,0,0,20,0,"keyboard-control","OK",1782601053609,54
173,1782601053718,9663,0,1,0,0,0,0,64,67,10,0,38,141.74,0,-18,-21,-999,-1,0,0,0,0,0,20,0,"keyboard-control","OK",1782601053708,56
174,1782601053814,9759,0,1,0,0,0,0,64,67,10,0,38,141.7,0,-18,-19,-998,-1,0,0,0,0,0,20,0,"keyboard-control","OK",1782601053809,58
175,1782601053910,9855,0,1,0,0,0,0,64,67,10,0,38,141.98,0,-16,-21,-1001,-1,0,0,0,0,0,20,0,"keyboard-control","OK",1782601053908,60
176,1782601054006,9951,0,1,0,0,0,0,65,67,10,0,38,141.67,0,-16,-19,-1000,-1,0,0,0,0,0,20,0,"keyboard-control","OK",1782601053959,61
177,1782601054102,10047,0,1,0,0,0,0,65,67,10,0,38,142.08,0,-18,-19,-998,-1,0,0,0,0,0,20,0,"keyboard-control","OK",1782601054058,63
178,1782601054198,10143,0,1,0,0,0,0,65,67,10,0,38,142.01,0,-17,-20,-998,-1,0,0,0,0,0,20,0,"keyboard-control","OK",1782601054159,65
179,1782601054295,10240,0,1,0,0,0,0,65,67,10,0,38,141.82,0,-18,-20,-999,-1,0,0,0,0,0,20,0,"keyboard-control","OK",1782601054259,67
180,1782601054390,10335,0,1,0,0,0,0,65,67,10,0,38,141.75,0,-16,-18,-998,-1,0,0,0,0,0,20,0,"keyboard-control","OK",1782601054358,69
181,1782601054486,10431,0,1,0,0,0,0,65,67,10,0,38,141.97,0,-17,-21,-1000,-1,0,0,0,0,0,20,0,"keyboard-control","OK",1782601054459,71
182,1782601054535,10480,0,1,0,0,0,0,65,67,10,0,38,142.01,0,-16,-20,-1000,-1,0,0,0,0,0,20,0,"keyboard-control","OK",1782601054509,72
183,1782601054631,10576,0,1,0,0,0,0,65,67,10,0,38,141.78,0,-17,-19,-997,-1,0,0,0,0,0,20,0,"keyboard-control","OK",1782601054608,74
184,1782601054727,10672,0,1,0,0,0,0,65,67,10,0,38,142.34,0,-16,-20,-999,-1,0,0,0,0,0,20,0,"keyboard-control","OK",1782601054708,76
185,1782601054822,10767,0,1,0,0,0,0,65,67,10,0,38,142.32,0,-16,-21,-1001,-1,0,0,0,0,0,20,0,"keyboard-control","OK",1782601054809,78
186,1782601054918,10863,0,1,0,0,0,0,64,68,10,0,38,141.87,0,-16,-23,-999,-1,0,0,0,0,0,20,0,"keyboard-control","OK",1782601054909,80
187,1782601055015,10960,0,1,0,0,0,0,64,68,10,0,38,142.04,0,-17,-21,-999,-1,0,0,0,0,0,20,0,"keyboard-control","OK",1782601055008,82
188,1782601055111,11056,0,1,0,0,0,0,64,68,10,0,38,141.99,0,-17,-20,-998,-1,0,0,0,0,0,20,0,"keyboard-control","OK",1782601055109,84
189,1782601055207,11152,0,1,0,0,0,0,64,68,10,0,38,141.73,0,-17,-21,-998,-1,0,0,0,0,0,20,0,"keyboard-control","OK",1782601055159,85
190,1782601055303,11248,0,1,0,0,0,0,64,68,10,0,38,141.69,0,-19,-18,-997,-1,0,0,0,0,0,20,0,"keyboard-control","OK",1782601055258,87
191,1782601055400,11345,0,1,0,0,0,0,64,68,10,0,38,141.96,0,-15,-20,-998,-1,0,0,0,0,0,20,0,"keyboard-control","OK",1782601055359,89
192,1782601055496,11441,0,1,0,0,0,0,64,68,10,0,38,142.05,0,-19,-20,-997,-1,0,0,0,0,0,20,0,"keyboard-control","OK",1782601055458,91
193,1782601055591,11536,0,1,0,0,0,0,64,68,10,0,38,141.95,0,-20,-18,-998,-1,0,0,0,0,0,20,0,"keyboard-control","OK",1782601055559,93
194,1782601055687,11632,0,1,0,0,0,0,64,68,10,0,38,142.27,0,-14,-20,-1001,-1,0,0,0,0,0,0,0,"keyboard-control","OK",1782601055659,96
195,1782601055783,11728,-1,1,0,0,0,0,64,68,10,0,38,142.15,0,-13,-17,-997,-1,0,0,0,0,0,0,0,"keyboard-control","OK",1782601055758,98
196,1782601055879,11824,-1,1,0,0,0,0,65,67,10,0,38,141.8,0,-17,-20,-999,-1,0,0,0,0,0,0,0,"keyboard-control","OK",1782601055859,100
197,1782601055975,11920,-1,1,0,0,0,0,65,67,10,0,38,141.9,0,-18,-21,-1000,-1,0,0,0,0,0,0,0,"keyboard-control","OK",1782601055958,102
198,1782601056071,12016,-1,1,0,0,0,0,65,67,10,0,38,141.87,0,-19,-23,-1000,-1,0,0,0,0,0,0,0,"keyboard-control","OK",1782601056059,104
199,1782601056167,12112,-1,1,0,0,0,0,65,67,10,0,38,141.85,0,-17,-21,-997,-1,0,0,0,0,0,0,0,"keyboard-control","OK",1782601056158,106
200,1782601056263,12208,-1,1,0,0,0,0,65,67,10,0,38,142.23,0,-13,-21,-999,-1,0,0,0,0,0,0,0,"keyboard-control","OK",1782601056259,108
201,1782601056359,12304,-1,1,0,0,0,0,65,67,10,0,38,141.67,0,-15,-21,-998,-1,0,0,0,0,0,0,0,"keyboard-control","OK",1782601056358,110
202,1782601056455,12400,-1,1,0,0,0,0,65,67,10,0,38,141.87,0,-16,-22,-1000,-1,0,0,0,0,0,0,0,"keyboard-control","OK",1782601056408,111
203,1782601056553,12498,-1,1,0,0,0,0,65,67,10,0,38,141.93,0,-17,-19,-1000,-1,0,0,0,0,0,0,0,"keyboard-control","OK",1782601056509,113
204,1782601056647,12592,-1,1,0,0,0,0,65,67,10,0,38,142.03,0,-18,-22,-998,-1,0,0,0,0,0,0,0,"keyboard-control","OK",1782601056609,115
205,1782601056743,12688,-1,1,0,0,0,0,65,67,10,0,38,141.83,0,-18,-22,-1000,-1,0,0,0,0,0,0,0,"keyboard-control","OK",1782601056709,117
206,1782601056839,12784,-1,1,0,0,0,0,65,67,10,0,38,142.11,0,-16,-21,-998,-1,0,0,0,0,0,0,0,"keyboard-control","OK",1782601056809,119
207,1782601056936,12881,-1,1,0,0,0,0,65,67,10,0,38,141.73,0,-19,-21,-999,-1,0,0,0,0,0,0,0,"keyboard-control","OK",1782601056909,121
208,1782601057032,12977,-1,1,0,0,0,0,65,67,10,0,38,142.04,0,-18,-20,-998,-1,0,0,0,0,0,0,0,"keyboard-control","OK",1782601057008,123
209,1782601057128,13073,-1,1,0,0,0,0,65,67,10,0,38,141.91,0,-17,-19,-999,-1,0,0,0,0,0,0,0,"keyboard-control","OK",1782601057108,125
210,1782601057224,13169,-1,1,0,0,0,0,65,67,10,0,38,141.75,0,-20,-20,-999,-1,0,0,0,0,0,0,0,"keyboard-control","OK",1782601057209,127
211,1782601057320,13265,-1,1,0,0,0,0,65,67,10,0,38,141.97,0,-15,-22,-996,-1,0,0,0,0,0,0,0,"keyboard-control","OK",1782601057308,129
212,1782601057416,13361,-1,1,0,0,0,0,65,67,10,0,38,142.14,0,-17,-22,-1006,-1,0,0,0,0,20,0,0,"keyboard-control","OK",1782601057409,131
213,1782601057512,13457,-1,1,0,0,0,0,65,67,10,0,38,141.86,0,-19,-18,-999,-1,0,0,0,0,20,0,0,"keyboard-control","OK",1782601057509,133
214,1782601057608,13553,-1,1,0,0,0,0,65,67,10,0,38,141.88,0,-19,-14,-994,-1,0,0,0,0,20,0,0,"keyboard-control","OK",1782601057608,135
215,1782601057704,13649,-1,1,0,0,0,0,65,67,10,0,38,141.65,0,-16,-18,-996,-1,0,0,0,0,20,0,0,"keyboard-control","OK",1782601057659,136
216,1782601057800,13745,-1,1,0,0,0,0,64,67,10,0,38,141.88,0,-13,-21,-1001,-1,0,0,0,0,20,0,0,"keyboard-control","OK",1782601057759,138
217,1782601057896,13841,-1,1,0,0,0,0,64,67,10,0,38,142.01,0,-16,-20,-998,-1,0,0,0,0,20,0,0,"keyboard-control","OK",1782601057859,140
218,1782601057992,13937,-1,1,0,0,0,0,64,67,10,0,38,141.78,0,-18,-18,-999,-1,0,0,0,0,20,0,0,"keyboard-control","OK",1782601057958,142
219,1782601058040,13985,-1,1,0,0,0,0,64,67,10,0,38,141.75,0,-19,-20,-998,-1,0,0,0,0,20,0,0,"keyboard-control","OK",1782601058009,143
220,1782601058136,14081,-1,1,0,0,0,0,64,67,10,0,38,142.2,0,-15,-18,-999,-1,0,0,0,0,20,0,0,"keyboard-control","OK",1782601058109,145
221,1782601058235,14180,-1,1,0,0,0,0,64,67,10,0,38,141.89,0,-15,-18,-998,-1,0,0,0,0,20,0,0,"keyboard-control","OK",1782601058208,147
222,1782601058329,14274,-1,1,0,0,0,0,64,67,10,0,38,141.79,0,-15,-19,-999,-1,0,0,0,0,20,0,0,"keyboard-control","OK",1782601058309,149
223,1782601058424,14369,-1,1,0,0,0,0,64,67,10,0,38,141.96,0,-14,-18,-999,-1,0,0,0,0,20,0,0,"keyboard-control","OK",1782601058408,151
224,1782601058520,14465,-1,1,0,0,0,0,64,67,10,0,38,141.81,0,-18,-19,-999,-1,0,0,0,0,20,0,0,"keyboard-control","OK",1782601058509,153
225,1782601058616,14561,-1,1,0,0,0,0,64,67,10,0,38,141.79,0,-17,-20,-999,-1,0,0,0,0,20,0,0,"keyboard-control","OK",1782601058609,155
226,1782601058713,14658,-1,1,0,0,0,0,66,68,10,0,38,141.86,0,-17,-20,-999,-1,0,0,0,0,20,0,0,"keyboard-control","OK",1782601058709,157
227,1782601058809,14754,-1,1,0,0,0,0,66,68,10,0,38,141.85,0,-17,-19,-995,-1,0,0,0,0,20,0,0,"keyboard-control","OK",1782601058809,159
228,1782601058905,14850,-1,1,0,0,0,0,66,68,10,0,38,141.77,0,-19,-21,-999,-1,0,0,0,0,20,0,0,"keyboard-control","OK",1782601058859,160
229,1782601059001,14946,-1,1,0,0,0,0,66,68,10,0,37,141.48,0,-17,-20,-1001,-1,0,0,0,0,20,0,0,"keyboard-control","OK",1782601058958,162
230,1782601059100,15045,-1,1,0,0,0,0,66,68,10,0,37,142.1,0,-17,-22,-1000,-1,0,0,0,0,20,0,0,"keyboard-control","OK",1782601059059,164
231,1782601059193,15138,-1,1,0,0,0,0,66,68,10,0,37,141.83,0,-16,-20,-998,-1,0,0,0,0,20,0,0,"keyboard-control","OK",1782601059159,166
232,1782601059289,15234,-1,1,0,0,0,0,66,68,10,0,37,141.96,0,-13,-20,-1002,-1,0,0,0,0,20,0,0,"keyboard-control","OK",1782601059258,168
233,1782601059387,15332,-1,1,0,0,0,0,66,68,10,0,37,141.7,0,-16,-20,-999,-1,0,0,0,0,20,0,0,"keyboard-control","OK",1782601059359,170
234,1782601059481,15426,-1,1,0,0,0,0,66,68,10,0,37,141.85,0,-16,-19,-1000,-1,0,0,0,0,20,0,0,"keyboard-control","OK",1782601059458,172
235,1782601059577,15522,-1,1,0,0,0,0,66,68,10,0,37,141.6,0,-18,-21,-1000,-1,0,0,0,0,20,0,0,"keyboard-control","OK",1782601059559,174
236,1782601059673,15618,-1,1,0,0,0,0,66,68,10,0,37,142.12,0,-17,-19,-998,-1,0,0,0,0,20,0,0,"keyboard-control","OK",1782601059659,176
237,1782601059770,15715,-1,1,0,0,0,0,66,68,10,0,37,142,0,-17,-20,-998,-1,0,0,0,0,20,0,0,"keyboard-control","OK",1782601059758,178
238,1782601059865,15810,-1,1,0,0,0,0,66,68,10,0,37,142.26,0,-14,-20,-998,-1,0,0,0,0,20,0,0,"keyboard-control","OK",1782601059858,180
239,1782601059961,15906,-1,1,0,0,0,0,66,68,10,0,37,141.85,0,-17,-19,-997,-1,0,0,0,0,20,0,0,"keyboard-control","OK",1782601059959,182
240,1782601060057,16002,-1,1,0,0,0,0,66,68,10,0,37,141.86,0,-17,-21,-1000,-1,0,0,0,0,20,0,0,"keyboard-control","OK",1782601060009,183
241,1782601060153,16098,-1,1,0,0,0,0,66,68,10,0,37,142,0,-16,-18,-1001,-1,0,0,0,0,20,0,0,"keyboard-control","OK",1782601060109,185
242,1782601060249,16194,-1,1,0,0,0,0,66,68,10,0,37,141.92,0,-16,-19,-999,-1,0,0,0,0,20,0,0,"keyboard-control","OK",1782601060209,187
243,1782601060345,16290,-1,1,0,0,0,0,66,68,10,0,37,141.84,0,-16,-22,-1001,-1,0,0,0,0,20,0,0,"keyboard-control","OK",1782601060309,189
244,1782601060441,16386,-1,1,0,0,0,0,66,68,10,0,37,141.85,0,-15,-20,-1001,-1,0,0,0,0,20,0,0,"keyboard-control","OK",1782601060409,191
245,1782601060537,16482,-1,1,0,0,0,0,66,68,10,0,37,141.66,0,-16,-20,-999,-1,0,0,0,0,20,0,0,"keyboard-control","OK",1782601060509,193
246,1782601060634,16579,-1,1,0,0,0,0,66,68,10,0,37,141.78,0,-17,-22,-1000,-1,0,0,0,0,20,0,0,"keyboard-control","OK",1782601060609,195
247,1782601060730,16675,-1,1,0,0,0,0,66,68,10,0,37,141.87,0,-17,-22,-998,-1,0,0,0,0,0,0,0,"keyboard-neutral","OK",1782601060723,198
248,1782601060826,16771,-1,1,0,0,0,0,66,68,10,0,37,141.93,0,-14,-20,-998,-1,0,0,0,0,0,0,0,"keyboard-control","OK",1782601060809,200
249,1782601060922,16867,-1,1,0,0,0,0,66,68,10,0,37,141.79,0,-13,-26,-1002,-1,0,0,0,0,0,0,0,"keyboard-control","OK",1782601060909,202
250,1782601061018,16963,-1,1,0,0,0,0,66,68,10,0,37,142.03,0,-16,-24,-999,-1,0,0,0,0,0,0,0,"keyboard-control","OK",1782601061009,204
251,1782601061114,17059,-1,1,0,0,0,0,66,68,10,0,37,142.05,0,-17,-22,-997,-1,0,0,0,0,0,0,0,"keyboard-control","OK",1782601061109,206
252,1782601061162,17107,-1,1,0,0,0,0,66,68,10,0,37,141.9,0,-17,-18,-998,-1,0,0,0,0,0,0,0,"keyboard-control","OK",1782601061159,207
253,1782601061258,17203,-1,1,0,0,0,0,66,68,10,0,37,141.87,0,-14,-20,-999,-1,0,0,0,0,0,0,0,"keyboard-control","OK",1782601061258,209
254,1782601061354,17299,-1,1,0,0,0,0,66,68,10,0,37,142.01,0,-15,-20,-999,-1,0,0,0,0,0,0,0,"keyboard-control","OK",1782601061309,210
255,1782601061450,17395,-1,1,0,0,0,0,66,68,10,0,37,141.92,0,-14,-20,-997,-1,0,0,0,0,0,0,0,"keyboard-control","OK",1782601061409,212
256,1782601061546,17491,-1,1,0,0,0,0,66,68,10,0,37,141.6,0,-16,-20,-999,-1,0,0,0,0,0,0,0,"keyboard-control","OK",1782601061509,214
257,1782601061642,17587,-1,1,0,0,0,0,66,68,10,0,37,141.95,0,-16,-20,-999,-1,0,0,0,0,0,0,0,"keyboard-control","OK",1782601061608,216
258,1782601061738,17683,-1,1,0,0,0,0,66,68,10,0,37,142.14,0,-15,-19,-999,-1,0,0,0,0,0,0,0,"keyboard-control","OK",1782601061708,218
259,1782601061832,17777,-1,1,0,0,0,0,66,68,10,0,37,141.74,0,-18,-18,-996,-1,0,0,0,0,0,0,0,"keyboard-control","OK",1782601061809,220
260,1782601061925,17870,-1,1,0,0,0,0,66,68,10,0,37,141.9,0,-16,-18,-997,-1,0,0,0,0,0,0,0,"keyboard-control","OK",1782601061909,222
261,1782601062018,17963,-1,1,0,0,0,0,66,68,10,0,37,141.97,0,-18,-19,-999,-1,0,0,0,0,0,0,0,"keyboard-control","OK",1782601062009,224
262,1782601062112,18057,-1,1,0,0,0,0,66,68,10,0,37,142.08,0,-18,-19,-998,-1,0,0,0,0,0,0,-20,"keyboard-control","OK",1782601062108,226
263,1782601062205,18150,-1,1,0,0,0,0,66,68,10,0,37,142,0,-15,-20,-997,-1,0,0,0,0,0,0,-20,"keyboard-control","OK",1782601062159,227
264,1782601062298,18243,-1,1,0,0,0,0,66,68,10,0,37,141.82,0,-13,-11,-998,-1,0,0,0,0,0,0,-20,"keyboard-control","OK",1782601062259,229
265,1782601062392,18337,-1,1,0,0,0,0,66,68,10,0,37,141.84,0,-15,-18,-1000,-1,0,0,0,0,0,0,-20,"keyboard-control","OK",1782601062358,231
266,1782601062485,18430,-1,1,0,0,0,0,66,69,10,0,37,141.86,0,-17,-22,-998,-1,0,0,0,0,0,0,-20,"keyboard-control","OK",1782601062459,233
267,1782601062579,18524,-1,1,0,0,0,0,66,69,10,0,37,142.08,0,-16,-22,-996,-1,0,0,0,0,0,0,-20,"keyboard-control","OK",1782601062559,235
268,1782601062674,18619,-1,1,0,0,0,0,66,69,10,0,37,141.57,0,-15,-23,-999,-1,0,0,0,0,0,0,-20,"keyboard-control","OK",1782601062659,237
269,1782601062766,18711,-1,1,0,0,0,0,66,69,10,0,37,142.11,0,-15,-20,-1000,-1,0,0,0,0,0,0,-20,"keyboard-control","OK",1782601062758,239
270,1782601062859,18804,-1,1,0,0,0,0,66,69,10,0,37,141.95,0,-15,-20,-999,-1,0,0,0,0,0,0,-20,"keyboard-control","OK",1782601062858,241
271,1782601062960,18905,-1,1,0,0,0,0,66,69,10,0,37,141.87,0,-17,-20,-998,-1,0,0,0,0,0,0,-20,"keyboard-control","OK",1782601062958,243
272,1782601063045,18990,-1,1,0,0,0,0,66,69,10,0,37,142.1,0,-16,-21,-1000,-1,0,0,0,0,0,0,-20,"keyboard-control","OK",1782601063008,244
273,1782601063139,19084,-1,1,0,0,0,0,66,69,10,0,37,141.85,0,-15,-20,-998,-1,0,0,0,0,0,0,-20,"keyboard-control","OK",1782601063109,246
274,1782601063232,19177,-1,1,0,0,0,0,66,69,10,0,37,142.04,0,-14,-22,-996,-1,0,0,0,0,0,0,-20,"keyboard-control","OK",1782601063208,248
275,1782601063326,19271,-1,1,0,0,0,0,66,69,10,0,37,141.87,0,-16,-20,-997,-1,0,0,0,0,0,0,-20,"keyboard-control","OK",1782601063308,250
276,1782601063419,19364,-1,1,0,0,0,0,66,69,10,0,37,142.05,0,-17,-21,-997,-1,0,0,0,0,0,0,-20,"keyboard-control","OK",1782601063409,252
277,1782601063512,19457,-1,1,0,0,0,0,66,69,10,0,37,141.98,0,-15,-21,-999,-1,0,0,0,0,0,0,-20,"keyboard-control","OK",1782601063509,254
278,1782601063606,19551,-1,1,0,0,0,0,66,69,10,0,37,142.05,0,-17,-21,-1000,-1,0,0,0,0,0,0,-20,"keyboard-control","OK",1782601063559,255
279,1782601063699,19644,-1,1,0,0,0,0,66,69,10,0,37,142.09,0,-16,-23,-999,-1,0,0,0,0,0,0,-20,"keyboard-control","OK",1782601063658,257
280,1782601063793,19738,-1,1,0,0,0,0,66,69,10,0,37,142.07,0,-15,-19,-999,-1,0,0,0,0,0,0,-20,"keyboard-control","OK",1782601063759,259
281,1782601063886,19831,-1,1,0,0,0,0,66,69,10,0,37,141.72,0,-15,-21,-999,-1,0,0,0,0,0,0,-20,"keyboard-control","OK",1782601063858,261
282,1782601063979,19924,-1,1,0,0,0,0,66,69,10,0,37,141.91,0,-15,-20,-998,-1,0,0,0,0,0,0,-20,"keyboard-control","OK",1782601063958,263
283,1782601064073,20018,-1,1,0,0,0,0,66,69,10,0,37,141.67,0,-19,-22,-999,-1,0,0,0,0,0,0,-20,"keyboard-control","OK",1782601064058,265
284,1782601064166,20111,-1,1,0,0,0,0,66,69,10,0,37,141.81,0,-15,-19,-1000,-1,0,0,0,0,0,0,-20,"keyboard-control","OK",1782601064159,267
285,1782601064259,20204,-1,1,0,0,0,0,66,69,10,0,37,141.85,0,-13,-20,-999,-1,0,0,0,0,0,0,-20,"keyboard-control","OK",1782601064259,269
286,1782601064353,20298,-1,1,0,0,0,0,66,69,10,0,37,141.82,0,-14,-22,-998,-1,0,0,0,0,0,0,-20,"keyboard-control","OK",1782601064309,270
287,1782601064446,20391,-1,1,0,0,0,0,66,69,10,0,37,141.9,0,-16,-20,-1001,-1,0,0,0,0,0,0,-20,"keyboard-control","OK",1782601064408,272
288,1782601064494,20439,-1,1,0,0,0,0,66,69,10,0,37,141.93,0,-14,-22,-1000,-1,0,0,0,0,0,0,-20,"keyboard-control","OK",1782601064458,273
289,1782601064590,20535,-1,1,0,0,0,0,66,69,10,0,37,141.91,0,-15,-20,-998,-1,0,0,0,0,0,0,-20,"keyboard-control","OK",1782601064558,275
290,1782601064680,20625,-1,1,0,0,0,0,66,69,10,0,37,141.81,0,-16,-21,-1000,-1,0,0,0,0,0,0,-20,"keyboard-control","OK",1782601064659,277
291,1782601064775,20720,-1,1,0,0,0,0,66,69,10,0,37,142.1,0,-15,-21,-999,-1,0,0,0,0,0,0,-20,"keyboard-control","OK",1782601064759,279
292,1782601064866,20811,-1,1,0,0,0,0,66,69,10,0,37,141.97,0,-13,-21,-998,-1,0,0,0,0,0,0,-20,"keyboard-control","OK",1782601064858,281
293,1782601064960,20905,-1,1,0,0,0,0,66,69,10,0,37,141.92,0,-15,-21,-1000,-1,0,0,0,0,0,0,-20,"keyboard-control","OK",1782601064958,283
294,1782601065053,20998,-1,1,0,0,0,0,66,69,10,0,37,142.2,0,-17,-20,-1000,-1,0,0,0,0,0,0,-20,"keyboard-control","OK",1782601065008,284
295,1782601065146,21091,-1,1,0,0,0,0,66,69,10,0,37,142.03,0,-17,-21,-999,-1,0,0,0,0,0,0,-20,"keyboard-control","OK",1782601065108,286
296,1782601065240,21185,-1,1,0,0,0,0,67,70,10,0,37,142.08,0,-19,-23,-997,-1,0,0,0,0,0,0,0,"keyboard-control","OK",1782601065209,289
297,1782601065333,21278,-1,1,0,0,0,0,67,70,10,0,37,141.9,0,-16,-21,-999,-1,0,0,0,0,0,0,0,"keyboard-control","OK",1782601065308,291
298,1782601065427,21372,-1,1,0,0,0,0,67,70,10,0,37,141.92,0,-14,-21,-999,-1,0,0,0,0,0,0,0,"keyboard-control","OK",1782601065409,293
299,1782601065520,21465,-1,1,0,0,0,0,67,70,10,0,37,141.74,0,-16,-17,-996,-1,0,0,0,0,0,0,0,"keyboard-control","OK",1782601065508,295
300,1782601065613,21558,-1,1,0,0,0,0,67,70,10,0,37,141.88,0,-14,-16,-998,-1,0,0,0,0,0,0,0,"keyboard-control","OK",1782601065609,297
301,1782601065707,21652,-1,1,0,0,0,0,67,70,10,0,37,141.88,0,-16,-16,-995,-1,0,0,0,0,0,0,0,"keyboard-control","OK",1782601065658,298
302,1782601065802,21747,-1,1,0,0,0,0,67,70,10,0,37,141.81,0,-16,-18,-1001,-1,0,0,0,0,0,0,0,"keyboard-control","OK",1782601065759,300
303,1782601065893,21838,-1,1,0,0,0,0,67,70,10,0,37,142.08,0,-13,-22,-1000,-1,0,0,0,0,0,0,0,"keyboard-control","OK",1782601065858,302
304,1782601065987,21932,-1,1,0,0,0,0,67,70,10,0,37,141.89,0,-16,-22,-999,-1,0,0,0,0,0,0,0,"keyboard-control","OK",1782601065959,304
305,1782601066080,22025,-1,1,0,0,0,0,67,70,10,0,37,142.14,0,-16,-22,-1000,-1,0,0,0,0,0,0,0,"keyboard-control","OK",1782601066059,306
306,1782601066175,22120,-1,1,0,0,0,0,67,69,10,0,37,141.65,0,-15,-21,-999,-1,0,0,0,0,0,0,0,"keyboard-control","OK",1782601066158,308
307,1782601066268,22213,-1,1,0,0,0,0,67,69,10,0,37,141.83,0,-15,-22,-1002,-1,0,0,0,0,0,0,0,"keyboard-control","OK",1782601066259,310
308,1782601066361,22306,-1,1,0,0,0,0,67,69,10,0,37,141.7,0,-15,-21,-998,-1,0,0,0,20,0,0,0,"keyboard-control","OK",1782601066358,312
309,1782601066454,22399,-1,1,0,0,0,0,67,69,10,0,37,142.21,0,-17,-14,-992,-1,0,0,0,20,0,0,0,"keyboard-control","OK",1782601066408,313
310,1782601066547,22492,-1,1,0,0,0,0,67,69,10,0,37,141.95,0,-13,-20,-998,-1,0,0,0,20,0,0,0,"keyboard-control","OK",1782601066509,315
311,1782601066641,22586,-1,1,0,0,0,0,67,69,10,0,37,142.06,0,-12,-18,-1001,-1,0,0,0,20,0,0,0,"keyboard-control","OK",1782601066608,317
312,1782601066735,22680,-1,1,0,0,0,0,67,69,10,0,37,142.02,0,-15,-20,-1000,-1,0,0,0,20,0,0,0,"keyboard-control","OK",1782601066709,319
313,1782601066827,22772,-1,1,0,0,0,0,67,69,10,0,37,141.81,0,-15,-19,-1000,-1,0,0,0,20,0,0,0,"keyboard-control","OK",1782601066809,321
314,1782601066921,22866,-1,1,0,0,0,0,67,69,10,0,37,141.89,0,-16,-20,-999,-1,0,0,0,20,0,0,0,"keyboard-control","OK",1782601066908,323
315,1782601067014,22959,-1,1,0,0,0,0,67,69,10,0,37,141.94,0,-15,-21,-1001,-1,0,0,0,20,0,0,0,"keyboard-control","OK",1782601067008,325
316,1782601067108,23053,-1,1,0,0,0,0,67,69,10,0,37,142.04,0,-15,-22,-998,-1,0,0,0,20,0,0,0,"keyboard-control","OK",1782601067108,327
317,1782601067201,23146,-1,1,0,0,0,0,67,69,10,0,37,142.11,0,-16,-20,-999,-1,0,0,0,20,0,0,0,"keyboard-control","OK",1782601067159,328
318,1782601067294,23239,-1,1,0,0,0,0,67,69,10,0,37,142.14,0,-14,-17,-999,-1,0,0,0,20,0,0,0,"keyboard-control","OK",1782601067259,330
319,1782601067387,23332,-1,1,0,0,0,0,67,69,10,0,37,141.89,0,-17,-18,-997,-1,0,0,0,20,0,0,0,"keyboard-control","OK",1782601067359,332
320,1782601067482,23427,-1,1,0,0,0,0,67,69,10,0,37,141.87,0,4,-6,-998,-1,0,0,0,20,0,0,0,"keyboard-control","OK",1782601067459,334
321,1782601067528,23473,-1,1,0,0,0,0,67,69,10,0,37,141.83,0,-6,-12,-1000,-1,0,0,0,20,0,0,0,"keyboard-control","OK",1782601067527,335
322,1782601067621,23566,-1,1,0,0,0,0,67,69,10,0,37,141.73,0,-34,-32,-998,-1,0,0,0,20,0,0,0,"keyboard-control","OK",1782601067608,337
323,1782601067714,23659,-1,1,0,0,0,0,67,69,10,0,37,141.92,0,-32,-35,-1001,-1,0,0,0,20,0,0,0,"keyboard-control","OK",1782601067708,339
324,1782601067808,23753,-1,1,0,0,0,0,67,69,10,0,37,141.9,0,-14,-25,-1000,-1,0,0,0,20,0,0,0,"keyboard-control","OK",1782601067758,340
325,1782601067904,23849,-1,1,0,0,0,0,67,69,10,0,37,141.96,0,-5,-16,-998,-1,0,0,0,20,0,0,0,"keyboard-control","OK",1782601067858,342
326,1782601067995,23940,-1,1,0,0,0,0,67,69,10,0,37,141.96,0,-6,-18,-1000,-1,0,0,0,20,0,0,0,"keyboard-control","OK",1782601067959,344
327,1782601068088,24033,-1,1,0,0,0,0,67,69,10,0,37,142.12,0,-15,-22,-997,-1,0,0,0,20,0,0,0,"keyboard-control","OK",1782601068059,346
328,1782601068181,24126,-1,1,0,0,0,0,67,69,10,0,36,141.81,0,-24,-21,-999,-1,0,0,0,20,0,0,0,"keyboard-control","OK",1782601068159,348
329,1782601068275,24220,-1,1,0,0,0,0,67,69,10,0,36,142.04,0,-16,-20,-999,-1,0,0,0,20,0,0,0,"keyboard-control","OK",1782601068258,350
330,1782601068368,24313,-1,1,0,0,0,0,67,69,10,0,36,141.91,0,-10,-19,-1000,-1,0,0,0,20,0,0,0,"keyboard-control","OK",1782601068359,352
331,1782601068463,24408,-1,1,0,0,0,0,67,69,10,0,36,142.02,0,-12,-20,-1000,-1,0,0,0,20,0,0,0,"keyboard-control","OK",1782601068458,354
332,1782601068557,24502,-1,1,0,0,0,0,67,69,10,0,36,141.84,0,-19,-20,-999,-1,0,0,0,20,0,0,0,"keyboard-control","OK",1782601068509,355
333,1782601068648,24593,-1,1,0,0,0,0,67,69,10,0,36,142.05,0,-22,-21,-996,-1,0,0,0,20,0,0,0,"keyboard-control","OK",1782601068608,357
334,1782601068742,24687,-1,1,0,0,0,0,67,69,10,0,36,141.81,0,-16,-24,-998,-1,0,0,0,20,0,0,0,"keyboard-control","OK",1782601068709,359
335,1782601068836,24781,-1,1,0,0,0,0,67,69,10,0,36,142.05,0,-13,-19,-996,-1,0,0,0,20,0,0,0,"keyboard-control","OK",1782601068808,361
336,1782601068932,24877,-1,1,0,0,0,0,67,70,10,0,36,142.03,0,-5,-22,-998,-1,0,0,0,20,0,0,0,"keyboard-control","OK",1782601068909,363
337,1782601069033,24978,-1,1,0,0,0,0,67,70,10,0,36,142.15,0,-11,-28,-1003,-1,0,0,0,20,0,0,0,"keyboard-control","OK",1782601069009,365
338,1782601069125,25070,-1,1,0,0,0,0,67,70,10,0,36,141.97,0,-23,-20,-995,-1,0,0,0,20,0,0,0,"keyboard-control","OK",1782601069108,367
339,1782601069221,25166,-1,1,0,0,0,0,67,70,10,0,36,141.93,0,-23,-20,-997,-1,0,0,0,20,0,0,0,"keyboard-control","OK",1782601069209,369
340,1782601069317,25262,-1,1,0,0,0,0,67,70,10,0,36,141.9,0,-17,-21,-1000,-1,0,0,0,20,0,0,0,"keyboard-control","OK",1782601069309,371
341,1782601069412,25357,-1,1,0,0,0,0,67,70,10,0,36,142.07,0,-6,-25,-1001,-1,0,0,0,20,0,0,0,"keyboard-control","OK",1782601069409,373
342,1782601069508,25453,-1,1,0,0,0,0,67,70,10,0,36,142.05,0,-7,-23,-999,-1,0,0,0,20,0,0,0,"keyboard-control","OK",1782601069459,374
343,1782601069604,25549,-1,1,0,0,0,0,67,70,10,0,36,141.87,0,-17,-15,-996,-1,0,0,0,20,0,0,0,"keyboard-control","OK",1782601069559,376
344,1782601069701,25646,-1,1,0,0,0,0,67,70,10,0,36,141.9,0,-16,-19,-999,-1,0,0,0,20,0,0,0,"keyboard-control","OK",1782601069658,378
345,1782601069796,25741,-1,1,0,0,0,0,67,70,10,0,36,141.83,0,-16,-12,-994,-1,0,0,0,20,0,0,0,"keyboard-control","OK",1782601069759,380
346,1782601069892,25837,-1,1,0,0,0,0,67,69,10,0,36,141.86,0,-14,-17,-1002,-1,0,0,0,20,0,0,0,"keyboard-control","OK",1782601069858,382
347,1782601069988,25933,-1,1,0,0,0,0,67,69,10,0,36,141.94,0,-12,-16,-1001,-1,0,0,0,20,0,0,0,"keyboard-control","OK",1782601069958,384
348,1782601070084,26029,-1,1,0,0,0,0,67,69,10,0,36,141.74,0,-13,-14,-995,-1,0,0,0,0,0,0,0,"keyboard-control","OK",1782601070059,387
349,1782601070180,26125,-1,1,0,0,0,0,67,69,10,0,36,142.13,0,-25,-15,-995,-1,0,0,0,0,0,0,0,"keyboard-control","OK",1782601070158,389
350,1782601070277,26222,-1,1,0,0,0,0,67,69,10,0,36,141.85,0,-14,-18,-998,-1,0,0,0,0,0,0,0,"keyboard-control","OK",1782601070259,391
351,1782601070327,26272,-1,1,0,0,0,0,67,69,10,0,36,141.85,0,-16,-25,-1001,-1,0,0,0,0,0,0,0,"keyboard-control","OK",1782601070309,392
352,1782601070420,26365,-1,1,0,0,0,0,67,69,10,0,36,141.95,0,-16,-23,-998,-1,0,0,0,0,0,0,0,"keyboard-control","OK",1782601070408,394
353,1782601070516,26461,-1,1,0,0,0,0,67,69,10,0,36,142.05,0,-20,-23,-999,-1,0,0,0,0,0,0,0,"keyboard-control","OK",1782601070508,396
354,1782601070612,26557,-1,1,0,0,0,0,67,69,10,0,36,142.06,0,-17,-18,-995,-1,0,0,0,0,0,0,0,"keyboard-control","OK",1782601070609,398
355,1782601070708,26653,-1,1,0,0,0,0,67,69,10,0,36,142.02,0,-15,-20,-1001,-1,0,0,0,0,0,0,0,"keyboard-control","OK",1782601070708,400
356,1782601070806,26751,-1,1,0,0,0,0,67,70,10,0,36,142.14,0,-12,-21,-998,-1,0,0,0,0,0,0,0,"keyboard-control","OK",1782601070758,401
357,1782601070900,26845,-1,1,0,0,0,0,67,70,10,0,36,141.71,0,-16,-19,-998,-1,0,0,0,0,0,0,0,"keyboard-control","OK",1782601070859,403
358,1782601070996,26941,-1,1,0,0,0,0,67,70,10,0,36,141.98,0,-18,-21,-997,-1,0,0,0,0,0,0,0,"keyboard-control","OK",1782601070959,405
359,1782601071092,27037,-1,1,0,0,0,0,67,70,10,0,36,142.13,0,-12,-20,-1000,-1,0,0,0,0,0,0,0,"keyboard-control","OK",1782601071059,407
360,1782601071188,27133,-1,1,0,0,0,0,67,70,10,0,36,141.89,0,-13,-20,-998,-1,0,0,0,0,0,0,0,"keyboard-control","OK",1782601071159,409
361,1782601071284,27229,-1,1,0,0,0,0,67,70,10,0,36,142.09,0,-15,-24,-999,-1,0,0,0,0,0,0,0,"keyboard-control","OK",1782601071258,411
362,1782601071379,27324,-1,1,0,0,0,0,67,70,10,0,36,141.87,0,-16,-20,-999,-1,0,0,0,0,0,0,0,"keyboard-control","OK",1782601071359,413
363,1782601071475,27420,-1,1,0,0,0,0,67,70,10,0,36,141.85,0,-15,-20,-999,-1,0,0,0,0,0,0,0,"keyboard-control","OK",1782601071458,415
364,1782601071571,27516,-1,1,0,0,0,0,67,70,10,0,36,141.63,0,-15,-21,-999,-1,0,0,0,0,0,0,0,"keyboard-control","OK",1782601071559,417
365,1782601071667,27612,-1,1,0,0,0,0,67,70,10,0,36,141.87,0,-15,-21,-998,-1,0,0,0,0,0,0,0,"keyboard-control","OK",1782601071659,419
366,1782601071763,27708,-1,1,0,0,0,0,68,71,10,0,36,142.06,0,-14,-20,-1001,-1,0,0,0,0,0,0,0,"keyboard-control","OK",1782601071759,421
367,1782601071858,27803,-1,1,0,0,0,0,68,71,10,0,36,141.89,0,-15,-20,-996,-1,0,0,0,0,0,0,0,"keyboard-control","OK",1782601071858,423
368,1782601071954,27899,-1,1,0,0,0,0,68,71,10,0,36,142.16,0,-16,-20,-999,-1,0,0,0,0,0,0,0,"keyboard-control","OK",1782601071908,424
369,1782601072055,28000,-1,1,0,0,0,0,68,71,10,0,36,141.84,0,-14,-20,-998,-1,0,0,0,0,0,0,0,"keyboard-control","OK",1782601072009,426
370,1782601072146,28091,-1,1,0,0,0,0,68,71,10,0,36,141.9,0,-14,-20,-996,-1,0,0,0,0,0,0,0,"keyboard-control","OK",1782601072109,428
371,1782601072242,28187,-1,1,0,0,0,0,68,71,10,0,36,141.96,0,-14,-21,-999,-1,0,0,0,0,0,0,0,"keyboard-control","OK",1782601072209,430
372,1782601072338,28283,-1,1,0,0,0,0,68,71,10,0,36,142.14,0,-13,-21,-997,-1,0,0,0,0,0,0,0,"keyboard-control","OK",1782601072309,432
373,1782601072434,28379,-1,1,0,0,0,0,68,71,10,0,36,141.84,0,-14,-19,-998,-1,0,0,0,0,0,0,0,"keyboard-control","OK",1782601072408,434
374,1782601072530,28475,-1,1,0,0,0,0,68,71,10,0,36,141.64,0,-15,-21,-999,-1,0,0,0,0,0,0,0,"keyboard-control","OK",1782601072509,436
375,1782601072625,28570,-1,1,0,0,0,0,68,71,10,0,36,141.67,0,-14,-22,-1001,-1,0,0,0,0,0,0,0,"keyboard-control","OK",1782601072608,438
376,1782601072721,28666,-1,1,0,0,0,0,68,70,10,0,36,141.86,0,-14,-20,-999,-1,0,0,0,0,0,0,0,"keyboard-control","OK",1782601072709,440
377,1782601072817,28762,-1,1,0,0,0,0,68,70,10,0,36,141.92,0,-14,-20,-999,-1,0,0,0,0,0,0,0,"keyboard-control","OK",1782601072809,442
378,1782601072913,28858,-1,1,0,0,0,0,68,70,10,0,36,142,0,-13,-20,-1000,-1,0,0,0,0,0,0,0,"keyboard-control","OK",1782601072908,444
379,1782601073010,28955,-1,1,0,0,0,0,68,70,10,0,36,141.83,0,-15,-18,-999,-1,0,0,0,0,0,0,0,"keyboard-control","OK",1782601073009,446
380,1782601073105,29050,-1,1,0,0,0,0,68,70,10,0,36,141.59,0,-18,-20,-998,-1,0,0,0,0,0,0,0,"keyboard-control","OK",1782601073059,447
