test_id,scenario,notes,run_mode,elapsed_ms,attempt,command_samples,command_successes,command_failures,command_latency_ms_avg,command_latency_ms_min,command_latency_ms_max,last_command,last_response,last_command_result,telemetry_packets_total,telemetry_packets_valid,telemetry_packets_invalid,telemetry_timeouts,telemetry_errors,telemetry_hz_instant,telemetry_hz_ema,telemetry_age_ms,video_packets_total,video_bytes_total,video_timeouts,video_errors,video_pps_instant,video_pps_ema,video_age_ms,video_packet_delta,nal_packets_in,nal_bytes_in,nal_units,nal_sps,nal_pps,nal_idr,nal_non_idr,nal_other,nal_decode_gated,nal_resyncs,nal_buffered_bytes,decoder_nals_in,decoder_packets_sent,decoder_frames_decoded,decoder_errors,decoder_fps_ema,frame_width,frame_height,keyframes,paused,overlay_enabled,recovery_attempted,recovery_result,recovery_hard,event,connection_state,last_outage_failures
E-TEL-BASE-001,telemetry-baseline,Tello idle on desk; telemetry baseline,STATE_WATCH,23,1,0,0,0,0,0,0,,,ERROR,0,0,0,0,0,0,0,-1,0,0,0,0,0,0,-1,0,0,0,0,0,0,0,0,0,0,0,0,0,0,0,0,0,0,0,0,0,0,0,OK,0,NONE,CONNECTED,0
E-TEL-BASE-001,telemetry-baseline,Tello idle on desk; telemetry baseline,STATE_WATCH,1023,2,0,0,0,0,0,0,,,ERROR,10,10,0,0,0,10.193,10.1959,74,0,0,0,0,0,0,-1,0,0,0,0,0,0,0,0,0,0,0,0,0,0,0,0,0,0,0,0,0,0,0,OK,0,NONE,CONNECTED,0
E-TEL-BASE-001,telemetry-baseline,Tello idle on desk; telemetry baseline,STATE_WATCH,2023,3,0,0,0,0,0,0,,,ERROR,21,21,0,0,0,10.328,11.77,44,0,0,0,0,0,0,-1,0,0,0,0,0,0,0,0,0,0,0,0,0,0,0,0,0,0,0,0,0,0,0,OK,0,NONE,CONNECTED,0
E-TEL-BASE-001,telemetry-baseline,Tello idle on desk; telemetry baseline,STATE_WATCH,3024,4,0,0,0,0,0,0,,,ERROR,31,31,0,0,0,10.1301,10.3393,61,0,0,0,0,0,0,-1,0,0,0,0,0,0,0,0,0,0,0,0,0,0,0,0,0,0,0,0,0,0,0,OK,0,NONE,CONNECTED,0
E-TEL-BASE-001,telemetry-baseline,Tello idle on desk; telemetry baseline,STATE_WATCH,4024,5,0,0,0,0,0,0,,,ERROR,41,41,0,0,0,10.1218,10.1996,80,0,0,0,0,0,0,-1,0,0,0,0,0,0,0,0,0,0,0,0,0,0,0,0,0,0,0,0,0,0,0,OK,0,NONE,CONNECTED,0
E-TEL-BASE-001,telemetry-baseline,Tello idle on desk; telemetry baseline,STATE_WATCH,5024,6,0,0,0,0,0,0,,,ERROR,52,52,0,0,0,20.5133,12.2568,50,0,0,0,0,0,0,-1,0,0,0,0,0,0,0,0,0,0,0,0,0,0,0,0,0,0,0,0,0,0,0,OK,0,NONE,CONNECTED,0
E-TEL-BASE-001,telemetry-baseline,Tello idle on desk; telemetry baseline,STATE_WATCH,6024,7,0,0,0,0,0,0,,,ERROR,62,62,0,0,0,10.1755,10.7128,67,0,0,0,0,0,0,-1,0,0,0,0,0,0,0,0,0,0,0,0,0,0,0,0,0,0,0,0,0,0,0,OK,0,NONE,CONNECTED,0
E-TEL-BASE-001,telemetry-baseline,Tello idle on desk; telemetry baseline,STATE_WATCH,7024,8,0,0,0,0,0,0,,,ERROR,72,72,0,0,0,10.2222,10.2958,87,0,0,0,0,0,0,-1,0,0,0,0,0,0,0,0,0,0,0,0,0,0,0,0,0,0,0,0,0,0,0,OK,0,NONE,CONNECTED,0
E-TEL-BASE-001,telemetry-baseline,Tello idle on desk; telemetry baseline,STATE_WATCH,8025,9,0,0,0,0,0,0,,,ERROR,83,83,0,0,0,20.9577,12.5334,74,0,0,0,0,0,0,-1,0,0,0,0,0,0,0,0,0,0,0,0,0,0,0,0,0,0,0,0,0,0,0,OK,0,NONE,CONNECTED,0
E-TEL-BASE-001,telemetry-baseline,Tello idle on desk; telemetry baseline,STATE_WATCH,9025,10,0,0,0,0,0,0,,,ERROR,94,94,0,0,0,10.5089,11.0119,27,0,0,0,0,0,0,-1,0,0,0,0,0,0,0,0,0,0,0,0,0,0,0,0,0,0,0,0,0,0,0,OK,0,NONE,CONNECTED,0
E-TEL-BASE-001,telemetry-baseline,Tello idle on desk; telemetry baseline,STATE_WATCH,10025,11,0,0,0,0,0,0,,,ERROR,104,104,0,0,0,10.5061,10.5551,74,0,0,0,0,0,0,-1,0,0,0,0,0,0,0,0,0,0,0,0,0,0,0,0,0,0,0,0,0,0,0,OK,0,NONE,CONNECTED,0
E-TEL-BASE-001,telemetry-baseline,Tello idle on desk; telemetry baseline,STATE_WATCH,11025,12,0,0,0,0,0,0,,,ERROR,115,115,0,0,0,10.5489,10.5091,26,0,0,0,0,0,0,-1,0,0,0,0,0,0,0,0,0,0,0,0,0,0,0,0,0,0,0,0,0,0,0,OK,0,NONE,CONNECTED,0
E-TEL-BASE-001,telemetry-baseline,Tello idle on desk; telemetry baseline,STATE_WATCH,12025,13,0,0,0,0,0,0,,,ERROR,126,126,0,0,0,10.3735,10.7641,25,0,0,0,0,0,0,-1,0,0,0,0,0,0,0,0,0,0,0,0,0,0,0,0,0,0,0,0,0,0,0,OK,0,NONE,CONNECTED,0
E-TEL-BASE-001,telemetry-baseline,Tello idle on desk; telemetry baseline,STATE_WATCH,13025,14,0,0,0,0,0,0,,,ERROR,136,136,0,0,0,10.4899,10.5345,74,0,0,0,0,0,0,-1,0,0,0,0,0,0,0,0,0,0,0,0,0,0,0,0,0,0,0,0,0,0,0,OK,0,NONE,CONNECTED,0
E-TEL-BASE-001,telemetry-baseline,Tello idle on desk; telemetry baseline,STATE_WATCH,14025,15,0,0,0,0,0,0,,,ERROR,146,146,0,0,0,10.1429,10.2435,98,0,0,0,0,0,0,-1,0,0,0,0,0,0,0,0,0,0,0,0,0,0,0,0,0,0,0,0,0,0,0,OK,0,NONE,CONNECTED,0
E-TEL-BASE-001,telemetry-baseline,Tello idle on desk; telemetry baseline,STATE_WATCH,15026,16,0,0,0,0,0,0,,,ERROR,157,157,0,0,0,10.1418,10.6893,62,0,0,0,0,0,0,-1,0,0,0,0,0,0,0,0,0,0,0,0,0,0,0,0,0,0,0,0,0,0,0,OK,0,NONE,CONNECTED,0
E-TEL-BASE-001,telemetry-baseline,Tello idle on desk; telemetry baseline,STATE_WATCH,16026,17,0,0,0,0,0,0,,,ERROR,167,167,0,0,0,10.1046,10.2242,76,0,0,0,0,0,0,-1,0,0,0,0,0,0,0,0,0,0,0,0,0,0,0,0,0,0,0,0,0,0,0,OK,0,NONE,CONNECTED,0
E-TEL-BASE-001,telemetry-baseline,Tello idle on desk; telemetry baseline,STATE_WATCH,17026,18,0,0,0,0,0,0,,,ERROR,177,177,0,0,0,9.93743,10.1173,88,0,0,0,0,0,0,-1,0,0,0,0,0,0,0,0,0,0,0,0,0,0,0,0,0,0,0,0,0,0,0,OK,0,NONE,CONNECTED,0
E-TEL-BASE-001,telemetry-baseline,Tello idle on desk; telemetry baseline,STATE_WATCH,18026,19,0,0,0,0,0,0,,,ERROR,188,188,0,0,0,11.9398,11.5651,55,0,0,0,0,0,0,-1,0,0,0,0,0,0,0,0,0,0,0,0,0,0,0,0,0,0,0,0,0,0,0,OK,0,NONE,CONNECTED,0
E-TEL-BASE-001,telemetry-baseline,Tello idle on desk; telemetry baseline,STATE_WATCH,19026,20,0,0,0,0,0,0,,,ERROR,198,198,0,0,0,10.1418,10.336,69,0,0,0,0,0,0,-1,0,0,0,0,0,0,0,0,0,0,0,0,0,0,0,0,0,0,0,0,0,0,0,OK,0,NONE,CONNECTED,0
E-TEL-BASE-001,telemetry-baseline,Tello idle on desk; telemetry baseline,STATE_WATCH,20026,21,0,0,0,0,0,0,,,ERROR,208,208,0,0,0,10.1238,10.244,83,0,0,0,0,0,0,-1,0,0,0,0,0,0,0,0,0,0,0,0,0,0,0,0,0,0,0,0,0,0,0,OK,0,NONE,CONNECTED,0
E-TEL-BASE-001,telemetry-baseline,Tello idle on desk; telemetry baseline,STATE_WATCH,21027,22,0,0,0,0,0,0,,,ERROR,219,219,0,0,0,20.0335,12.145,47,0,0,0,0,0,0,-1,0,0,0,0,0,0,0,0,0,0,0,0,0,0,0,0,0,0,0,0,0,0,0,OK,0,NONE,CONNECTED,0
E-TEL-BASE-001,telemetry-baseline,Tello idle on desk; telemetry baseline,STATE_WATCH,22027,23,0,0,0,0,0,0,,,ERROR,229,229,0,0,0,10.1146,10.3534,61,0,0,0,0,0,0,-1,0,0,0,0,0,0,0,0,0,0,0,0,0,0,0,0,0,0,0,0,0,0,0,OK,0,NONE,CONNECTED,0
E-TEL-BASE-001,telemetry-baseline,Tello idle on desk; telemetry baseline,STATE_WATCH,23027,24,0,0,0,0,0,0,,,ERROR,239,239,0,0,0,10.3131,10.1805,75,0,0,0,0,0,0,-1,0,0,0,0,0,0,0,0,0,0,0,0,0,0,0,0,0,0,0,0,0,0,0,OK,0,NONE,CONNECTED,0
E-TEL-BASE-001,telemetry-baseline,Tello idle on desk; telemetry baseline,STATE_WATCH,24027,25,0,0,0,0,0,0,,,ERROR,250,250,0,0,0,9.904,11.5271,23,0,0,0,0,0,0,-1,0,0,0,0,0,0,0,0,0,0,0,0,0,0,0,0,0,0,0,0,0,0,0,OK,0,NONE,CONNECTED,0
E-TEL-BASE-001,telemetry-baseline,Tello idle on desk; telemetry baseline,STATE_WATCH,25027,26,0,0,0,0,0,0,,,ERROR,260,260,0,0,0,9.93914,10.0483,9,0,0,0,0,0,0,-1,0,0,0,0,0,0,0,0,0,0,0,0,0,0,0,0,0,0,0,0,0,0,0,OK,0,NONE,CONNECTED,0
E-TEL-BASE-001,telemetry-baseline,Tello idle on desk; telemetry baseline,STATE_WATCH,26027,27,0,0,0,0,0,0,,,ERROR,269,269,0,0,0,9.79263,9.87471,96,0,0,0,0,0,0,-1,0,0,0,0,0,0,0,0,0,0,0,0,0,0,0,0,0,0,0,0,0,0,0,OK,0,NONE,CONNECTED,0
E-TEL-BASE-001,telemetry-baseline,Tello idle on desk; telemetry baseline,STATE_WATCH,27028,28,0,0,0,0,0,0,,,ERROR,279,279,0,0,0,9.7978,9.85619,82,0,0,0,0,0,0,-1,0,0,0,0,0,0,0,0,0,0,0,0,0,0,0,0,0,0,0,0,0,0,0,OK,0,NONE,CONNECTED,0
E-TEL-BASE-001,telemetry-baseline,Tello idle on desk; telemetry baseline,STATE_WATCH,28028,29,0,0,0,0,0,0,,,ERROR,290,290,0,0,0,9.85719,10.1924,19,0,0,0,0,0,0,-1,0,0,0,0,0,0,0,0,0,0,0,0,0,0,0,0,0,0,0,0,0,0,0,OK,0,NONE,CONNECTED,0
E-TEL-BASE-001,telemetry-baseline,Tello idle on desk; telemetry baseline,STATE_WATCH,29028,30,0,0,0,0,0,0,,,ERROR,300,300,0,0,0,10.033,10.0298,14,0,0,0,0,0,0,-1,0,0,0,0,0,0,0,0,0,0,0,0,0,0,0,0,0,0,0,0,0,0,0,OK,0,NONE,CONNECTED,0
E-TEL-BASE-001,telemetry-baseline,Tello idle on desk; telemetry baseline,STATE_WATCH,30028,31,0,0,0,0,0,0,,,ERROR,310,310,0,0,0,10.1392,10.1529,33,0,0,0,0,0,0,-1,0,0,0,0,0,0,0,0,0,0,0,0,0,0,0,0,0,0,0,0,0,0,0,OK,0,NONE,CONNECTED,0
E-TEL-BASE-001,telemetry-baseline,Tello idle on desk; telemetry baseline,STATE_WATCH,31028,32,0,0,0,0,0,0,,,ERROR,320,320,0,0,0,10.0821,11.44,96,0,0,0,0,0,0,-1,0,0,0,0,0,0,0,0,0,0,0,0,0,0,0,0,0,0,0,0,0,0,0,OK,0,NONE,CONNECTED,0
E-TEL-BASE-001,telemetry-baseline,Tello idle on desk; telemetry baseline,STATE_WATCH,32028,33,0,0,0,0,0,0,,,ERROR,331,331,0,0,0,10.3119,10.4154,19,0,0,0,0,0,0,-1,0,0,0,0,0,0,0,0,0,0,0,0,0,0,0,0,0,0,0,0,0,0,0,OK,0,NONE,CONNECTED,0
E-TEL-BASE-001,telemetry-baseline,Tello idle on desk; telemetry baseline,STATE_WATCH,33029,34,0,0,0,0,0,0,,,ERROR,341,341,0,0,0,10.3779,10.2954,46,0,0,0,0,0,0,-1,0,0,0,0,0,0,0,0,0,0,0,0,0,0,0,0,0,0,0,0,0,0,0,OK,0,NONE,CONNECTED,0
E-TEL-BASE-001,telemetry-baseline,Tello idle on desk; telemetry baseline,STATE_WATCH,34029,35,0,0,0,0,0,0,,,ERROR,352,352,0,0,0,10.2661,11.9474,24,0,0,0,0,0,0,-1,0,0,0,0,0,0,0,0,0,0,0,0,0,0,0,0,0,0,0,0,0,0,0,OK,0,NONE,CONNECTED,0
E-TEL-BASE-001,telemetry-baseline,Tello idle on desk; telemetry baseline,STATE_WATCH,35029,36,0,0,0,0,0,0,,,ERROR,362,362,0,0,0,10.2176,10.4472,50,0,0,0,0,0,0,-1,0,0,0,0,0,0,0,0,0,0,0,0,0,0,0,0,0,0,0,0,0,0,0,OK,0,NONE,CONNECTED,0
E-TEL-BASE-001,telemetry-baseline,Tello idle on desk; telemetry baseline,STATE_WATCH,36029,37,0,0,0,0,0,0,,,ERROR,372,372,0,0,0,10.2754,10.293,77,0,0,0,0,0,0,-1,0,0,0,0,0,0,0,0,0,0,0,0,0,0,0,0,0,0,0,0,0,0,0,OK,0,NONE,CONNECTED,0
E-TEL-BASE-001,telemetry-baseline,Tello idle on desk; telemetry baseline,STATE_WATCH,37029,38,0,0,0,0,0,0,,,ERROR,383,383,0,0,0,10.2097,10.2653,6,0,0,0,0,0,0,-1,0,0,0,0,0,0,0,0,0,0,0,0,0,0,0,0,0,0,0,0,0,0,0,OK,0,NONE,CONNECTED,0
E-TEL-BASE-001,telemetry-baseline,Tello idle on desk; telemetry baseline,STATE_WATCH,38029,39,0,0,0,0,0,0,,,ERROR,393,393,0,0,0,10.5098,10.9604,82,0,0,0,0,0,0,-1,0,0,0,0,0,0,0,0,0,0,0,0,0,0,0,0,0,0,0,0,0,0,0,OK,0,NONE,CONNECTED,0
E-TEL-BASE-001,telemetry-baseline,Tello idle on desk; telemetry baseline,STATE_WATCH,39030,40,0,0,0,0,0,0,,,ERROR,404,404,0,0,0,10.2613,10.342,11,0,0,0,0,0,0,-1,0,0,0,0,0,0,0,0,0,0,0,0,0,0,0,0,0,0,0,0,0,0,0,OK,0,NONE,CONNECTED,0
E-TEL-BASE-001,telemetry-baseline,Tello idle on desk; telemetry baseline,STATE_WATCH,40030,41,0,0,0,0,0,0,,,ERROR,414,414,0,0,0,10.4647,10.4379,49,0,0,0,0,0,0,-1,0,0,0,0,0,0,0,0,0,0,0,0,0,0,0,0,0,0,0,0,0,0,0,OK,0,NONE,CONNECTED,0
E-TEL-BASE-001,telemetry-baseline,Tello idle on desk; telemetry baseline,STATE_WATCH,41030,42,0,0,0,0,0,0,,,ERROR,425,425,0,0,0,10.5307,11.3502,48,0,0,0,0,0,0,-1,0,0,0,0,0,0,0,0,0,0,0,0,0,0,0,0,0,0,0,0,0,0,0,OK,0,NONE,CONNECTED,0
E-TEL-BASE-001,telemetry-baseline,Tello idle on desk; telemetry baseline,STATE_WATCH,42030,43,0,0,0,0,0,0,,,ERROR,436,436,0,0,0,10.4953,10.5656,0,0,0,0,0,0,0,-1,0,0,0,0,0,0,0,0,0,0,0,0,0,0,0,0,0,0,0,0,0,0,0,OK,0,NONE,CONNECTED,0
E-TEL-BASE-001,telemetry-baseline,Tello idle on desk; telemetry baseline,STATE_WATCH,43030,44,0,0,0,0,0,0,,,ERROR,446,446,0,0,0,10.4569,10.499,46,0,0,0,0,0,0,-1,0,0,0,0,0,0,0,0,0,0,0,0,0,0,0,0,0,0,0,0,0,0,0,OK,0,NONE,CONNECTED,0
E-TEL-BASE-001,telemetry-baseline,Tello idle on desk; telemetry baseline,STATE_WATCH,44030,45,0,0,0,0,0,0,,,ERROR,457,457,0,0,0,22.82,13.2516,45,0,0,0,0,0,0,-1,0,0,0,0,0,0,0,0,0,0,0,0,0,0,0,0,0,0,0,0,0,0,0,OK,0,NONE,CONNECTED,0
E-TEL-BASE-001,telemetry-baseline,Tello idle on desk; telemetry baseline,STATE_WATCH,45031,46,0,0,0,0,0,0,,,ERROR,467,467,0,0,0,10.1017,10.6601,84,0,0,0,0,0,0,-1,0,0,0,0,0,0,0,0,0,0,0,0,0,0,0,0,0,0,0,0,0,0,0,OK,0,NONE,CONNECTED,0
E-TEL-BASE-001,telemetry-baseline,Tello idle on desk; telemetry baseline,STATE_WATCH,46031,47,0,0,0,0,0,0,,,ERROR,478,478,0,0,0,10.2143,10.1928,0,0,0,0,0,0,0,-1,0,0,0,0,0,0,0,0,0,0,0,0,0,0,0,0,0,0,0,0,0,0,0,OK,0,NONE,CONNECTED,0
E-TEL-BASE-001,telemetry-baseline,Tello idle on desk; telemetry baseline,STATE_WATCH,47031,48,0,0,0,0,0,0,,,ERROR,488,488,0,0,0,10.1371,11.7718,64,0,0,0,0,0,0,-1,0,0,0,0,0,0,0,0,0,0,0,0,0,0,0,0,0,0,0,0,0,0,0,OK,0,NONE,CONNECTED,0
E-TEL-BASE-001,telemetry-baseline,Tello idle on desk; telemetry baseline,STATE_WATCH,48031,49,0,0,0,0,0,0,,,ERROR,498,498,0,0,0,10.3725,10.3593,78,0,0,0,0,0,0,-1,0,0,0,0,0,0,0,0,0,0,0,0,0,0,0,0,0,0,0,0,0,0,0,OK,0,NONE,CONNECTED,0
E-TEL-BASE-001,telemetry-baseline,Tello idle on desk; telemetry baseline,STATE_WATCH,49031,50,0,0,0,0,0,0,,,ERROR,508,508,0,0,0,10.0065,10.147,90,0,0,0,0,0,0,-1,0,0,0,0,0,0,0,0,0,0,0,0,0,0,0,0,0,0,0,0,0,0,0,OK,0,NONE,CONNECTED,0
E-TEL-BASE-001,telemetry-baseline,Tello idle on desk; telemetry baseline,STATE_WATCH,50032,51,0,0,0,0,0,0,,,ERROR,519,519,0,0,0,9.89877,10.0968,5,0,0,0,0,0,0,-1,0,0,0,0,0,0,0,0,0,0,0,0,0,0,0,0,0,0,0,0,0,0,0,OK,0,NONE,CONNECTED,0
E-TEL-BASE-001,telemetry-baseline,Tello idle on desk; telemetry baseline,STATE_WATCH,51032,52,0,0,0,0,0,0,,,ERROR,529,529,0,0,0,10.1834,10.4549,71,0,0,0,0,0,0,-1,0,0,0,0,0,0,0,0,0,0,0,0,0,0,0,0,0,0,0,0,0,0,0,OK,0,NONE,CONNECTED,0
E-TEL-BASE-001,telemetry-baseline,Tello idle on desk; telemetry baseline,STATE_WATCH,52032,53,0,0,0,0,0,0,,,ERROR,539,539,0,0,0,10.1774,10.1777,85,0,0,0,0,0,0,-1,0,0,0,0,0,0,0,0,0,0,0,0,0,0,0,0,0,0,0,0,0,0,0,OK,0,NONE,CONNECTED,0
E-TEL-BASE-001,telemetry-baseline,Tello idle on desk; telemetry baseline,STATE_WATCH,53032,54,0,0,0,0,0,0,,,ERROR,550,550,0,0,0,10.136,10.1462,0,0,0,0,0,0,0,-1,0,0,0,0,0,0,0,0,0,0,0,0,0,0,0,0,0,0,0,0,0,0,0,OK,0,NONE,CONNECTED,0
E-TEL-BASE-001,telemetry-baseline,Tello idle on desk; telemetry baseline,STATE_WATCH,54032,55,0,0,0,0,0,0,,,ERROR,560,560,0,0,0,10.143,11.0239,62,0,0,0,0,0,0,-1,0,0,0,0,0,0,0,0,0,0,0,0,0,0,0,0,0,0,0,0,0,0,0,OK,0,NONE,CONNECTED,0
E-TEL-BASE-001,telemetry-baseline,Tello idle on desk; telemetry baseline,STATE_WATCH,55032,56,0,0,0,0,0,0,,,ERROR,570,570,0,0,0,10.1297,10.2541,76,0,0,0,0,0,0,-1,0,0,0,0,0,0,0,0,0,0,0,0,0,0,0,0,0,0,0,0,0,0,0,OK,0,NONE,CONNECTED,0
E-TEL-BASE-001,telemetry-baseline,Tello idle on desk; telemetry baseline,STATE_WATCH,56033,57,0,0,0,0,0,0,,,ERROR,580,580,0,0,0,9.85974,10.0442,76,0,0,0,0,0,0,-1,0,0,0,0,0,0,0,0,0,0,0,0,0,0,0,0,0,0,0,0,0,0,0,OK,0,NONE,CONNECTED,0
E-TEL-BASE-001,telemetry-baseline,Tello idle on desk; telemetry baseline,STATE_WATCH,57033,58,0,0,0,0,0,0,,,ERROR,591,591,0,0,0,9.74721,11.1559,11,0,0,0,0,0,0,-1,0,0,0,0,0,0,0,0,0,0,0,0,0,0,0,0,0,0,0,0,0,0,0,OK,0,NONE,CONNECTED,0
E-TEL-BASE-001,telemetry-baseline,Tello idle on desk; telemetry baseline,STATE_WATCH,58033,59,0,0,0,0,0,0,,,ERROR,600,600,0,0,0,9.94742,10.0611,100,0,0,0,0,0,0,-1,0,0,0,0,0,0,0,0,0,0,0,0,0,0,0,0,0,0,0,0,0,0,0,OK,0,NONE,CONNECTED,0
E-TEL-BASE-001,telemetry-baseline,Tello idle on desk; telemetry baseline,STATE_WATCH,59033,60,0,0,0,0,0,0,,,ERROR,610,610,0,0,0,10.2289,9.9077,87,0,0,0,0,0,0,-1,0,0,0,0,0,0,0,0,0,0,0,0,0,0,0,0,0,0,0,0,0,0,0,OK,0,NONE,CONNECTED,0
