test_id,scenario,notes,run_mode,elapsed_ms,attempt,command_samples,command_successes,command_failures,command_latency_ms_avg,command_latency_ms_min,command_latency_ms_max,last_command,last_response,last_command_result,command_source,command_executor_last_error,command_executor_attempt_log,telemetry_packets_total,telemetry_packets_valid,telemetry_packets_invalid,telemetry_timeouts,telemetry_errors,telemetry_hz_instant,telemetry_hz_ema,telemetry_age_ms,telemetry_interarrival_ms,telemetry_max_interarrival_ms,telemetry_last_gap_ms,telemetry_last_gap_sequence,telemetry_gap_events_300ms,telemetry_gap_events_500ms,telemetry_gap_events_1000ms,telemetry_quality,telemetry_quality_score,telemetry_state_available,telemetry_h,telemetry_tof,telemetry_baro,telemetry_vgz,telemetry_bat,telemetry_templ,telemetry_temph,video_packets_total,video_bytes_total,video_timeouts,video_errors,video_pps_instant,video_pps_ema,video_age_ms,video_packet_delta,video_interarrival_ms,video_max_interarrival_ms,video_last_gap_ms,video_last_gap_sequence,video_gap_events_300ms,video_gap_events_500ms,video_gap_events_1000ms,video_quality,video_quality_score,nal_packets_in,nal_bytes_in,nal_units,nal_sps,nal_pps,nal_idr,nal_non_idr,nal_other,nal_decode_gated,nal_resyncs,nal_buffered_bytes,decoder_nals_in,decoder_packets_sent,decoder_frames_decoded,decoder_errors,decoder_fps_ema,frame_width,frame_height,keyframes,paused,overlay_enabled,recovery_attempted,recovery_result,recovery_hard,recovery_stage,recovery_command_channel_available,event,log_timestamp,log_message,connection_state,last_outage_failures,plot_metric,state_sequence_delta,state_receiver_running,rc_stream_active,rc_left_right,rc_forward_back,rc_up_down,rc_yaw,keepalive_running,auto_refresh_active,critical_command_active,pause_keepalive_ms,neutral_rc_ms,critical_command_ms,gui_vision_tick_delay_ms,gui_state_tick_delay_ms,vision_refresh_duration_ms,state_refresh_duration_ms,frame_convert_ms,frame_scale_ms,plot_paint_ms,vision_frame_mutex_wait_ms,state_history_fetch_ms,command_mutex_wait_ms,ui_frames_converted,ui_frames_dropped,ui_frames_displayed,plot_samples_displayed,keepalive_tick_total,keepalive_success_total,keepalive_failure_total,keepalive_skipped_busy_total,keepalive_skipped_uninitialized_total,keepalive_last_command,keepalive_last_response,keepalive_last_result,keepalive_last_latency_ms,keepalive_last_success_age_ms,keepalive_last_tick_age_ms
,gui,,CONTROL_PANEL,0,1,0,0,0,0,0,0,,,ERROR,,,,0,0,0,0,0,0,0,-1,-1,0,0,0,0,0,0,NO_DATA,0,0,0,0,0,0,0,0,0,0,0,0,0,0,0,-1,0,-1,0,0,0,0,0,0,NO_DATA,0,0,0,0,0,0,0,0,0,0,0,0,0,0,0,0,0,0,0,0,0,0,0,OK,0,,0,log,2026-07-02T14:06:35.273,recording started | gui_csv=ON | state_recording=ON,DISCONNECTED,0,pitch,0,0,0,0,0,0,0,0,0,0,0,0,0,125,249,0,0,0,0,0,0,0,0,0,0,0,0,0,0,0,0,0,,,ERROR,0,-1,-1
,gui,,CONTROL_PANEL,1,2,0,0,0,0,0,0,,,ERROR,,,,0,0,0,0,0,0,0,-1,-1,0,0,0,0,0,0,NO_DATA,0,0,0,0,0,0,0,0,0,0,0,0,0,0,0,-1,0,-1,0,0,0,0,0,0,NO_DATA,0,0,0,0,0,0,0,0,0,0,0,0,0,0,0,0,0,0,0,0,0,0,0,OK,0,,0,logging:start,,,DISCONNECTED,0,pitch,0,0,0,0,0,0,0,0,0,0,0,0,0,125,249,0,0,0,0,0,0,0,0,0,0,0,0,0,0,0,0,0,,,ERROR,0,-1,-1
,gui,,CONTROL_PANEL,4690,3,0,0,0,0,0,0,,,ERROR,,,,0,0,0,0,0,0,0,-1,-1,0,0,0,0,0,0,NO_DATA,0,0,0,0,0,0,0,0,0,0,0,0,0,0,0,-1,0,-1,0,0,0,0,0,0,NO_DATA,0,0,0,0,0,0,0,0,0,0,0,0,0,0,0,0,0,0,0,0,0,0,0,OK,0,,0,log,2026-07-02T14:06:39.963,initialize(attempt=1): OK,DISCONNECTED,0,pitch,0,0,0,0,0,0,0,0,0,0,0,0,0,120,254,0,0,0,0,0,0,0,0,0,0,0,0,0,0,0,0,0,,,ERROR,0,-1,-1
,gui,,CONTROL_PANEL,5610,4,0,0,0,0,0,0,,,ERROR,,,,0,0,0,0,0,0,0,-1,-1,0,0,0,0,0,0,NO_DATA,0,0,0,0,0,0,0,0,0,0,0,0,0,0,0,-1,0,-1,0,0,0,0,0,0,NO_DATA,0,0,0,0,0,0,0,0,0,0,0,0,0,0,0,0,0,0,0,0,0,0,0,OK,0,,0,log,2026-07-02T14:06:40.882,"command (enterSdkMode, attempt=1, probe=1): OK",CONNECTED,0,pitch,0,0,0,0,0,0,0,0,0,0,0,0,0,130,252,0,0,0,0,0,0,0,0,0,0,0,0,0,0,0,0,0,,,ERROR,0,-1,-1
,gui,,CONTROL_PANEL,5612,5,0,0,0,0,0,0,,,ERROR,,,,0,0,0,0,0,0,0,-1,-1,0,0,0,0,0,0,NO_DATA,0,0,0,0,0,0,0,0,0,0,0,0,0,0,0,-1,0,-1,0,0,0,0,0,0,NO_DATA,0,0,0,0,0,0,0,0,0,0,0,0,0,0,0,0,0,0,0,0,0,0,0,OK,0,,0,log,2026-07-02T14:06:40.885,state receiver start => OK,CONNECTED,0,pitch,0,1,0,0,0,0,0,0,0,0,0,0,0,130,252,0,0,0,0,0,0,0,0,0,0,0,0,0,0,0,0,0,,,ERROR,0,-1,-1
,gui,,CONTROL_PANEL,5612,6,0,0,0,0,0,0,,,ERROR,,,,0,0,0,0,0,0,0,-1,-1,0,0,0,0,0,0,NO_DATA,0,0,0,0,0,0,0,0,0,0,0,0,0,0,0,-1,0,-1,0,0,0,0,0,0,NO_DATA,0,0,0,0,0,0,0,0,0,0,0,0,0,0,0,0,0,0,0,0,0,0,0,OK,0,,0,log,2026-07-02T14:06:40.885,sdk keepalive start => OK,CONNECTED,0,pitch,0,1,0,0,0,0,0,1,0,0,0,0,0,130,252,0,0,0,0,0,0,0,0,0,0,0,0,0,0,0,0,0,battery?,,ERROR,0,-1,-1
,gui,,CONTROL_PANEL,14304,7,0,0,0,0,0,0,,,ERROR,,,,90,90,0,0,0,10.1088,10.2609,96,98,121,0,0,0,0,0,OK,100,1,0,10,179.26,0,92,61,64,0,0,0,0,0,0,-1,0,-1,0,0,0,0,0,0,NO_DATA,0,0,0,0,0,0,0,0,0,0,0,0,0,0,0,0,0,0,0,0,0,0,0,OK,0,,0,log,2026-07-02T14:06:49.570,panel switched to Operation,CONNECTED,0,pitch,90,1,0,0,0,0,0,1,0,0,0,0,0,124,249,0,0,0,0,0,0,0,0,0,0,0,89,1,1,0,0,0,battery?,92,OK,38,3653,3653
,gui,,CONTROL_PANEL,17377,8,0,0,0,0,0,0,,,ERROR,,,,121,121,0,0,0,9.70523,10.0433,128,103,121,0,0,0,0,0,OK,100,1,0,10,179.43,0,92,62,65,0,0,0,0,0,0,-1,0,-1,0,0,0,0,0,0,NO_DATA,0,0,0,0,0,0,0,0,0,0,0,0,0,0,0,0,0,0,0,0,0,0,0,OK,0,,0,log,2026-07-02T14:06:52.650,"streamon (vision) => OK | response=""ok"" | state=CONNECTED",CONNECTED,0,pitch,31,1,0,0,0,0,0,1,0,0,0,0,0,170,250,0,0,0,0,0,0,0,0,0,0,0,120,2,2,0,0,0,battery?,92,OK,50,1676,1676
,gui,,CONTROL_PANEL,17377,9,1,1,0,100,100,100,streamon,ok,OK,vision,,attempt=1|send=OK|raw=ok|parsed=OK,121,121,0,0,0,9.70523,10.0433,128,103,121,0,0,0,0,0,OK,100,1,0,10,179.43,0,92,62,65,0,0,0,0,0,0,-1,0,-1,0,0,0,0,0,0,NO_DATA,0,0,0,0,0,0,0,0,0,0,0,0,0,0,0,0,0,0,0,0,0,0,0,OK,0,,0,command:vision,,,CONNECTED,0,pitch,0,1,0,0,0,0,0,1,0,0,0,0,0,170,250,0,0,0,0,0,0,0,0,0,0,0,120,2,2,0,0,0,battery?,92,OK,50,1676,1676
,gui,,CONTROL_PANEL,17378,10,1,1,0,100,100,100,streamon,ok,OK,vision,,attempt=1|send=OK|raw=ok|parsed=OK,121,121,0,0,0,9.70523,10.0433,129,103,121,0,0,0,0,0,OK,100,1,0,10,179.43,0,92,62,65,0,0,0,0,0,0,-1,0,-1,0,0,0,0,0,0,NO_DATA,0,0,0,0,0,0,0,0,0,0,0,0,0,0,0,0,0,0,0,0,0,0,0,OK,0,,0,log,2026-07-02T14:06:52.651,vision pipeline started (FFmpeg stream backend),CONNECTED,0,pitch,0,1,0,0,0,0,0,1,0,0,0,0,0,170,250,0,0,0,0,0,0,0,0,0,0,0,120,2,2,0,0,0,battery?,92,OK,50,1676,1676
,gui,,CONTROL_PANEL,17458,11,1,1,0,100,100,100,streamon,ok,OK,vision,,attempt=1|send=OK|raw=ok|parsed=OK,121,121,0,0,0,9.70523,10.0433,209,103,121,0,0,0,0,0,DEGRADED,60,1,0,10,179.43,0,92,62,65,0,0,0,0,0,0,-1,0,-1,0,0,0,0,0,0,NO_DATA,0,0,0,0,0,0,0,0,0,0,0,0,0,0,0,0,0,0,0,0,0,1,0,OK,0,,0,vision:ffmpeg_stream,,,CONNECTED,0,pitch,0,1,0,0,0,0,0,1,0,0,0,0,0,80,249,0,0,0,0,0,0,0,0,0,0,0,121,2,2,0,0,0,battery?,92,OK,50,1756,1756
,gui,,CONTROL_PANEL,18583,12,1,1,0,100,100,100,streamon,ok,OK,vision,,attempt=1|send=OK|raw=ok|parsed=OK,133,133,0,0,0,64.1517,78.9008,140,15,306,306,122,1,0,0,OK,100,1,0,10,179.38,0,92,62,64,0,0,0,0,0,0,-1,0,-1,0,0,0,0,0,0,NO_DATA,0,0,0,0,0,0,0,0,0,0,0,0,0,0,0,0,0,0,0,0,0,1,0,OK,0,,0,vision:ffmpeg_stream,,,CONNECTED,0,pitch,12,1,0,0,0,0,0,1,0,0,0,0,0,125,250,0,0,0,0,0,0,0,0,0,0,0,132,2,2,0,0,0,battery?,92,OK,50,2881,2881
,gui,,CONTROL_PANEL,19707,13,1,1,0,100,100,100,streamon,ok,OK,vision,,attempt=1|send=OK|raw=ok|parsed=OK,144,144,0,0,0,8.1224,29.0647,48,123,306,306,122,1,0,0,OK,100,1,0,10,179.29,0,92,62,65,17,160576,0,0,0,93.6393,94,17,-1,0,0,0,0,0,0,OK,100,17,160576,12,0,0,0,0,0,0,0,0,0,0,12,5,93.6393,960,720,0,0,1,0,OK,0,,0,vision:ffmpeg_stream,,,CONNECTED,0,pitch,11,1,0,0,0,0,0,1,0,0,0,0,0,124,258,2,0,0,1,0,0,0,0,5,7,5,144,2,2,0,0,0,battery?,92,OK,50,4005,4005
,gui,,CONTROL_PANEL,20708,14,1,1,0,100,100,100,streamon,ok,OK,vision,,attempt=1|send=OK|raw=ok|parsed=OK,156,156,0,0,0,14.2924,13.5808,20,69,306,306,122,1,0,0,OK,100,1,0,10,179.34,0,92,62,65,46,381254,0,0,0,35.3364,631,29,-1,0,0,0,0,0,0,STALE,0,46,381254,18,0,0,0,0,0,0,0,0,0,0,18,5,35.3364,960,720,0,0,1,0,OK,0,,0,vision:ffmpeg_stream,,,CONNECTED,0,pitch,12,1,0,0,0,0,0,1,0,0,0,0,0,115,249,0,0,0,2,0,0,0,0,9,9,8,155,2,2,0,0,0,battery?,92,OK,50,5006,5006
,gui,,CONTROL_PANEL,21833,15,1,1,0,100,100,100,streamon,ok,OK,vision,,attempt=1|send=OK|raw=ok|parsed=OK,167,167,0,0,0,12.1737,11.0829,85,82,306,306,122,1,0,0,OK,100,1,0,10,179.2,0,92,63,65,93,675065,0,0,0,34.2479,17,47,-1,0,0,0,0,0,0,OK,100,93,675065,60,0,0,0,0,0,0,0,0,0,0,60,5,34.2479,960,720,0,0,1,0,OK,0,,0,vision:ffmpeg_stream,,,CONNECTED,0,pitch,11,1,0,0,0,0,0,1,0,0,0,0,0,125,249,2,0,0,1,0,0,0,0,18,42,16,166,3,3,0,0,0,battery?,92,OK,70,1061,1061
,gui,,CONTROL_PANEL,22833,16,1,1,0,100,100,100,streamon,ok,OK,vision,,attempt=1|send=OK|raw=ok|parsed=OK,177,177,0,0,0,9.95752,10.3405,112,100,306,306,122,1,0,0,OK,100,1,0,10,179.34,0,91,63,65,123,862659,0,0,0,30.6794,59,30,-1,0,0,0,0,0,0,OK,100,123,862659,89,0,0,0,0,0,0,0,0,0,0,89,5,30.6794,960,720,0,0,1,0,OK,0,,0,vision:ffmpeg_stream,,,CONNECTED,0,pitch,10,1,0,0,0,0,0,1,0,0,0,0,0,125,250,2,0,0,1,0,0,0,0,26,63,24,176,3,3,0,0,0,battery?,92,OK,70,2061,2061
,gui,,CONTROL_PANEL,23833,17,1,1,0,100,100,100,streamon,ok,OK,vision,,attempt=1|send=OK|raw=ok|parsed=OK,188,188,0,0,0,9.20045,11.2392,55,108,306,306,122,1,0,0,OK,100,1,0,10,179.03,0,91,62,66,155,1062625,0,0,0,30.8494,32,32,-1,0,0,0,0,0,0,OK,100,155,1062625,121,0,0,0,0,0,0,0,0,0,0,121,5,30.8494,960,720,0,0,1,0,OK,0,,0,vision:ffmpeg_stream,,,CONNECTED,0,pitch,11,1,0,0,0,0,0,1,0,0,0,0,0,124,250,2,0,0,1,0,0,0,0,34,87,32,187,3,3,0,0,0,battery?,92,OK,70,3061,3061
,gui,,CONTROL_PANEL,24957,18,1,1,0,100,100,100,streamon,ok,OK,vision,,attempt=1|send=OK|raw=ok|parsed=OK,199,199,0,0,0,9.80611,10.1727,75,101,306,306,122,1,0,0,OK,100,1,0,10,179.19,0,91,63,66,188,1268859,0,0,0,30.6678,29,33,-1,0,0,0,0,0,0,OK,100,188,1268859,155,0,0,0,0,0,0,0,0,0,0,155,5,30.6678,960,720,0,0,1,0,OK,0,,0,vision:ffmpeg_stream,,,CONNECTED,0,pitch,11,1,0,0,0,0,0,1,0,0,0,0,0,124,250,1,0,0,0,0,0,0,0,44,111,40,199,3,3,0,0,0,battery?,92,OK,70,4185,4185
,gui,,CONTROL_PANEL,25957,19,1,1,0,100,100,100,streamon,ok,OK,vision,,attempt=1|send=OK|raw=ok|parsed=OK,209,209,0,0,0,10.7396,9.945,43,93,306,306,122,1,0,0,OK,100,1,0,10,179.15,0,91,63,65,219,1462616,0,0,0,33.1215,3,31,-1,0,0,0,0,0,0,OK,100,219,1462616,186,0,0,0,0,0,0,0,0,0,0,186,5,33.1215,960,720,0,0,1,0,OK,0,,0,vision:ffmpeg_stream,,,CONNECTED,0,pitch,10,1,0,0,0,0,0,1,0,0,0,0,0,124,250,0,0,0,0,0,0,0,0,53,133,48,209,4,4,0,0,0,battery?,91,OK,50,135,135
,gui,,CONTROL_PANEL,26957,20,1,1,0,100,100,100,streamon,ok,OK,vision,,attempt=1|send=OK|raw=ok|parsed=OK,219,219,0,0,0,10.5753,10.568,96,94,306,306,122,1,0,0,OK,100,1,0,10,179.42,0,91,65,66,249,1650178,0,0,0,30.586,9,30,-1,0,0,0,0,0,0,OK,100,249,1650178,216,0,0,0,0,0,0,0,0,0,0,216,5,30.586,960,720,0,0,1,0,OK,0,,0,vision:ffmpeg_stream,,,CONNECTED,0,pitch,10,1,0,0,0,0,0,1,0,0,0,0,0,125,250,1,0,0,0,0,0,0,0,61,155,55,219,4,4,0,0,0,battery?,91,OK,50,1135,1135
,gui,,CONTROL_PANEL,28082,21,1,1,0,100,100,100,streamon,ok,OK,vision,,attempt=1|send=OK|raw=ok|parsed=OK,229,229,0,0,0,8.18331,11.5683,40,122,338,338,225,2,0,0,OK,100,1,0,10,179.42,0,91,64,66,270,1781441,0,0,0,15.8085,18,21,-1,0,0,0,0,0,0,OK,100,270,1781441,237,0,0,0,0,0,0,0,0,0,0,237,5,15.8085,960,720,0,0,1,0,OK,0,,0,vision:ffmpeg_stream,,,CONNECTED,0,pitch,10,1,0,0,0,0,0,1,0,0,0,0,0,125,250,1,0,0,0,0,0,0,0,69,168,63,228,4,4,0,0,0,battery?,91,OK,50,2260,2260
,gui,,CONTROL_PANEL,29208,22,1,1,0,100,100,100,streamon,ok,OK,vision,,attempt=1|send=OK|raw=ok|parsed=OK,241,241,0,0,0,204.472,113.719,32,4,338,338,225,2,0,0,OK,100,1,0,10,179.32,0,91,63,66,285,1860631,0,0,0,22.0499,3,15,-1,0,0,0,0,0,0,OK,100,285,1860631,252,0,0,0,0,0,0,0,0,0,0,252,5,22.0499,960,720,0,0,1,0,OK,0,,0,vision:ffmpeg_stream,,,CONNECTED,0,pitch,12,1,0,0,0,0,0,1,0,0,0,0,0,125,250,1,0,0,0,0,0,0,0,77,175,70,241,4,4,0,0,0,battery?,91,OK,50,3386,3386
,gui,,CONTROL_PANEL,30333,23,1,1,0,100,100,100,streamon,ok,OK,vision,,attempt=1|send=OK|raw=ok|parsed=OK,253,253,0,0,0,13.222,20.032,75,75,338,338,225,2,0,0,OK,100,1,0,10,179.09,0,90,64,66,351,2135630,0,0,0,44.7362,18,66,-1,0,0,0,0,0,0,OK,100,351,2135630,318,0,0,0,0,0,0,0,0,0,0,318,5,44.7362,960,720,0,0,1,0,OK,0,,0,vision:ffmpeg_stream,,,CONNECTED,0,pitch,12,1,0,0,0,0,0,1,0,0,0,0,0,125,250,1,0,0,0,0,0,0,0,87,231,79,252,4,4,0,0,0,battery?,91,OK,50,4511,4511
,gui,,CONTROL_PANEL,31457,24,1,1,0,100,100,100,streamon,ok,OK,vision,,attempt=1|send=OK|raw=ok|parsed=OK,264,264,0,0,0,5.34434,9.99306,21,187,338,338,225,2,0,0,OK,100,1,0,10,179.26,0,90,64,67,384,2275875,0,0,0,26.1727,3,33,-1,0,0,0,0,0,0,OK,100,384,2275875,351,0,0,0,0,0,0,0,0,0,0,351,5,26.1727,960,720,0,0,1,0,OK,0,,0,vision:ffmpeg_stream,,,CONNECTED,0,pitch,11,1,0,0,0,0,0,1,0,0,0,0,0,124,249,1,0,0,0,0,0,0,0,96,255,87,263,5,5,0,0,0,battery?,90,OK,29,606,606
,gui,,CONTROL_PANEL,32299,25,1,1,0,100,100,100,streamon,ok,OK,vision,,attempt=1|send=OK|raw=ok|parsed=OK,273,273,0,0,0,14.5106,13.5264,68,68,338,338,225,2,0,0,OK,100,1,0,10,179.14,0,90,64,68,384,2275875,0,0,0,26.1727,3,33,-1,0,0,0,0,0,0,OK,100,384,2275875,351,0,0,0,0,0,0,0,0,0,0,351,5,26.1727,960,720,0,0,1,0,OK,0,,0,log,2026-07-02T14:07:08.485,sdk keepalive paused while keyboard RC worker is active,CONNECTED,0,pitch,9,1,1,0,0,0,0,0,0,0,0,0,0,125,249,1,0,0,0,0,0,0,0,103,276,93,272,5,5,0,0,0,battery?,90,OK,29,1448,1448
,gui,,CONTROL_PANEL,32300,26,1,1,0,100,100,100,streamon,ok,OK,vision,,attempt=1|send=OK|raw=ok|parsed=OK,273,273,0,0,0,14.5106,13.5264,69,68,338,338,225,2,0,0,OK,100,1,0,10,179.14,0,90,64,68,384,2275875,0,0,0,26.1727,3,33,-1,0,0,0,0,0,0,OK,100,384,2275875,351,0,0,0,0,0,0,0,0,0,0,351,5,26.1727,960,720,0,0,1,0,OK,0,,0,log,2026-07-02T14:07:08.487,keyboard control ON: KeyboardTest,CONNECTED,0,pitch,0,1,1,0,0,0,0,0,0,0,0,0,0,125,249,1,0,0,0,0,0,0,0,103,276,93,272,5,5,0,0,0,battery?,90,OK,29,1449,1449
,gui,,CONTROL_PANEL,32300,27,1,1,0,100,100,100,streamon,ok,OK,vision,,attempt=1|send=OK|raw=ok|parsed=OK,273,273,0,0,0,14.5106,13.5264,69,68,338,338,225,2,0,0,OK,100,1,0,10,179.14,0,90,64,68,384,2275875,0,0,0,26.1727,3,33,-1,0,0,0,0,0,0,OK,100,384,2275875,351,0,0,0,0,0,0,0,0,0,0,351,5,26.1727,960,720,0,0,1,0,OK,0,,0,keyboard-control:on:KeyboardTest,,,CONNECTED,0,pitch,0,1,1,0,0,0,0,0,0,0,0,0,0,125,249,1,0,0,0,0,0,0,0,103,276,93,272,5,5,0,0,0,battery?,90,OK,29,1449,1449
,gui,,CONTROL_PANEL,32457,28,1,1,0,100,100,100,streamon,ok,OK,vision,,attempt=1|send=OK|raw=ok|parsed=OK,275,275,0,0,0,10.5843,12.7768,52,94,338,338,225,2,0,0,OK,100,1,0,10,179.29,0,90,64,68,416,2408295,0,0,0,38.1089,21,32,-1,0,0,0,0,0,0,OK,100,416,2408295,383,0,0,0,0,0,0,0,0,0,0,383,5,38.1089,960,720,0,0,1,0,OK,0,,0,vision:ffmpeg_stream,,,CONNECTED,0,pitch,2,1,1,0,0,0,0,0,0,0,0,0,0,125,250,1,0,0,0,0,0,0,0,104,279,94,275,5,5,0,0,0,battery?,90,OK,29,1606,1606
,gui,,CONTROL_PANEL,33582,29,1,1,0,100,100,100,streamon,ok,OK,vision,,attempt=1|send=OK|raw=ok|parsed=OK,286,286,0,0,0,9.68933,10.6792,88,103,338,338,225,2,0,0,OK,100,1,0,10,179.2,0,90,64,67,452,2556613,0,0,0,34.2978,3,36,-1,0,0,0,0,0,0,OK,100,452,2556613,419,0,0,0,0,0,0,0,0,0,0,419,5,34.2978,960,720,0,0,1,0,OK,0,,0,vision:ffmpeg_stream,,,CONNECTED,0,pitch,11,1,1,0,0,0,0,0,0,0,0,0,0,124,249,0,0,0,0,0,0,0,0,114,305,102,285,5,5,0,0,0,battery?,90,OK,29,2731,2731
,gui,,CONTROL_PANEL,34583,30,1,1,0,100,100,100,streamon,ok,OK,vision,,attempt=1|send=OK|raw=ok|parsed=OK,295,295,0,0,0,9.67814,11.9542,74,103,338,338,225,2,0,0,OK,100,1,0,10,179.09,0,90,65,67,473,2644068,0,0,0,21.2626,56,21,-1,0,0,0,0,0,0,OK,100,473,2644068,440,0,0,0,0,0,0,0,0,0,0,440,5,21.2626,960,720,0,0,1,0,OK,0,,0,vision:ffmpeg_stream,,,CONNECTED,0,pitch,9,1,1,0,0,0,0,0,0,0,0,0,0,125,249,1,0,0,0,0,0,0,0,121,319,109,294,5,5,0,0,0,battery?,90,OK,29,3731,3731
,gui,,CONTROL_PANEL,35462,31,1,1,0,100,100,100,streamon,ok,OK,vision,,attempt=1|send=OK|raw=ok|parsed=OK,306,306,0,0,0,10.876,17.2234,0,91,338,338,225,2,0,0,OK,100,1,0,10,179.27,0,90,65,68,473,2644068,0,0,0,21.2626,56,21,-1,0,0,0,0,0,0,OK,100,473,2644068,440,0,0,0,0,0,0,0,0,0,0,440,5,21.2626,960,720,0,0,1,0,OK,0,,0,log,2026-07-02T14:07:11.648,takeoff confirmed by user,CONNECTED,0,pitch,11,1,1,0,0,0,0,0,0,0,0,0,0,124,250,1,0,0,0,0,0,0,0,129,345,116,300,5,5,0,0,0,battery?,90,OK,29,4611,4611
,gui,,CONTROL_PANEL,35462,32,1,1,0,100,100,100,streamon,ok,OK,vision,,attempt=1|send=OK|raw=ok|parsed=OK,306,306,0,0,0,10.876,17.2234,0,91,338,338,225,2,0,0,OK,100,1,0,10,179.27,0,90,65,68,473,2644068,0,0,0,21.2626,56,21,-1,0,0,0,0,0,0,OK,100,473,2644068,440,0,0,0,0,0,0,0,0,0,0,440,5,21.2626,960,720,0,0,1,0,OK,0,,0,critical-command:begin:takeoff,,,CONNECTED,0,pitch,0,1,1,0,0,0,0,0,0,1,0,0,0,124,250,1,0,0,0,0,0,0,0,129,345,116,300,5,5,0,0,0,battery?,90,OK,29,4611,4611
,gui,,CONTROL_PANEL,35463,33,1,1,0,100,100,100,streamon,ok,OK,vision,,attempt=1|send=OK|raw=ok|parsed=OK,306,306,0,0,0,10.876,17.2234,1,91,338,338,225,2,0,0,OK,100,1,0,10,179.27,0,90,65,68,473,2644068,0,0,0,21.2626,56,21,-1,0,0,0,0,0,0,OK,100,473,2644068,440,0,0,0,0,0,0,0,0,0,0,440,5,21.2626,960,720,0,0,1,0,OK,0,,0,log,2026-07-02T14:07:11.649,sdk keepalive remains running; cooperative loop skips ticks while command channel is busy,CONNECTED,0,pitch,0,1,1,0,0,0,0,0,0,1,0,0,0,124,250,1,0,0,0,0,0,0,0,129,345,116,300,5,5,0,0,0,battery?,90,OK,29,4612,4612
,gui,,CONTROL_PANEL,35506,34,1,1,0,100,100,100,streamon,ok,OK,vision,,attempt=1|send=OK|raw=ok|parsed=OK,306,306,0,0,0,10.876,17.2234,44,91,338,338,225,2,0,0,OK,100,1,0,10,179.27,0,90,65,68,473,2644068,0,0,0,21.2626,56,21,-1,0,0,0,0,0,0,OK,100,473,2644068,440,0,0,0,0,0,0,0,0,0,0,440,5,21.2626,960,720,0,0,1,0,OK,0,,0,log,2026-07-02T14:07:11.692,rc stream neutralized no-wait (takeoff) => OK,CONNECTED,0,pitch,0,1,0,0,0,0,0,0,0,1,0,0,0,124,250,1,0,0,0,0,0,0,0,129,347,116,300,5,5,0,0,0,battery?,90,OK,29,4655,4655
,gui,,CONTROL_PANEL,35506,35,2,2,0,50,0,100,rc 0 0 0 0,no_wait,OK,preflight,,no_wait|send=OK,306,306,0,0,0,10.876,17.2234,44,91,338,338,225,2,0,0,OK,100,1,0,10,179.27,0,90,65,68,473,2644068,0,0,0,21.2626,56,21,-1,0,0,0,0,0,0,OK,100,473,2644068,440,0,0,0,0,0,0,0,0,0,0,440,5,21.2626,960,720,0,0,1,0,OK,0,,0,command:preflight,,,CONNECTED,0,pitch,0,1,0,0,0,0,0,0,0,1,0,0,0,124,250,1,0,0,0,0,0,0,0,129,347,116,300,5,5,0,0,0,battery?,90,OK,29,4655,4655
,gui,,CONTROL_PANEL,36236,36,2,2,0,50,0,100,rc 0 0 0 0,no_wait,OK,preflight,,no_wait|send=OK,314,314,0,0,0,10.1391,12.0912,29,98,338,338,225,2,0,0,OK,100,1,0,10,179.24,-1,90,65,67,473,2644068,0,0,0,21.2626,56,21,-1,0,0,0,0,0,0,OK,100,473,2644068,440,0,0,0,0,0,0,0,0,0,0,440,5,21.2626,960,720,0,0,1,0,OK,0,,0,log,2026-07-02T14:07:12.422,sdk keepalive restart (vision) => OK,CONNECTED,0,pitch,8,1,0,0,0,0,0,1,0,1,0,0,727,777,802,1,0,0,0,0,0,0,0,135,366,116,300,0,0,0,0,0,battery?,,ERROR,0,-1,-1
,gui,,CONTROL_PANEL,36236,37,2,2,0,50,0,100,rc 0 0 0 0,no_wait,OK,preflight,,no_wait|send=OK,314,314,0,0,0,10.1391,12.0912,29,98,338,338,225,2,0,0,OK,100,1,0,10,179.24,-1,90,65,67,534,2894911,0,0,0,41.626,19,61,-1,0,0,0,0,0,0,OK,100,534,2894911,501,0,0,0,0,0,0,0,0,0,0,501,5,41.626,960,720,0,0,1,0,OK,0,,0,vision:ffmpeg_stream,,,CONNECTED,0,pitch,0,1,0,0,0,0,0,1,0,1,0,0,727,777,802,1,0,0,0,0,0,0,0,135,366,116,300,0,0,0,0,0,battery?,,ERROR,0,-1,-1
,gui,,CONTROL_PANEL,36237,38,2,2,0,50,0,100,rc 0 0 0 0,no_wait,OK,preflight,,no_wait|send=OK,314,314,0,0,0,10.1391,12.0912,30,98,338,338,225,2,0,0,OK,100,1,0,10,179.24,-1,90,65,67,534,2894911,0,0,0,41.626,19,61,-1,0,0,0,0,0,0,OK,100,534,2894911,501,0,0,0,0,0,0,0,0,0,0,501,5,41.626,960,720,0,0,1,0,OK,0,,0,log,2026-07-02T14:07:12.421,takeoff => TIMEOUT | state=CONNECTED,CONNECTED,0,pitch,0,1,0,0,0,0,0,1,0,1,0,0,727,777,802,2,0,0,0,0,0,0,0,135,366,117,300,0,0,0,0,0,battery?,,ERROR,0,-1,-1
,gui,,CONTROL_PANEL,36237,39,3,2,1,275.667,0,727,takeoff,,TIMEOUT,manual,Timeout waiting for response,attempt=1|send=OK|raw=|result=TIMEOUT,314,314,0,0,0,10.1391,12.0912,30,98,338,338,225,2,0,0,OK,100,1,0,10,179.24,-1,90,65,67,534,2894911,0,0,0,41.626,19,61,-1,0,0,0,0,0,0,OK,100,534,2894911,501,0,0,0,0,0,0,0,0,0,0,501,5,41.626,960,720,0,0,1,0,OK,0,,0,command:manual,,,CONNECTED,0,pitch,0,1,0,0,0,0,0,1,0,1,0,0,727,777,802,2,0,0,0,0,0,0,0,135,366,117,300,0,0,0,0,0,battery?,,ERROR,0,-1,-1
,gui,,CONTROL_PANEL,36237,40,3,2,1,275.667,0,727,takeoff,,TIMEOUT,manual,Timeout waiting for response,attempt=1|send=OK|raw=|result=TIMEOUT,314,314,0,0,0,10.1391,12.0912,30,98,338,338,225,2,0,0,OK,100,1,0,10,179.24,-1,90,65,67,534,2894911,0,0,0,41.626,19,61,-1,0,0,0,0,0,0,OK,100,534,2894911,501,0,0,0,0,0,0,0,0,0,0,501,5,41.626,960,720,0,0,1,0,OK,0,,0,critical-command:end:takeoff,,,CONNECTED,0,pitch,0,1,0,0,0,0,0,1,0,1,0,0,727,777,802,2,0,0,0,0,0,0,0,135,366,117,300,0,0,0,0,0,battery?,,ERROR,0,-1,-1
,gui,,CONTROL_PANEL,37357,41,3,2,1,275.667,0,727,takeoff,,TIMEOUT,manual,Timeout waiting for response,attempt=1|send=OK|raw=|result=TIMEOUT,326,326,0,0,0,10.0853,11.307,18,99,338,338,225,2,0,0,OK,100,1,60,66,179.82,-1,90,65,67,569,3042533,0,0,0,33.0097,18,35,-1,0,0,0,0,0,0,OK,100,569,3042533,536,0,0,0,0,0,0,0,0,0,0,536,5,33.0097,960,720,0,0,1,0,OK,0,,0,vision:ffmpeg_stream,,,CONNECTED,0,pitch,12,1,0,0,0,0,0,1,0,0,0,0,0,125,238,1,0,0,0,0,0,0,0,144,392,125,300,0,0,0,0,0,battery?,,ERROR,0,-1,-1
,gui,,CONTROL_PANEL,38358,42,3,2,1,275.667,0,727,takeoff,,TIMEOUT,manual,Timeout waiting for response,attempt=1|send=OK|raw=|result=TIMEOUT,336,336,0,0,0,10.1568,10.2989,36,98,338,338,225,2,0,0,OK,100,1,70,76,180.05,-1,89,66,68,600,3171393,0,0,0,31.7574,22,31,-1,0,0,0,0,0,0,OK,100,600,3171393,567,0,0,0,0,0,0,0,0,0,0,567,5,31.7574,960,720,0,0,1,0,OK,0,,0,vision:ffmpeg_stream,,,CONNECTED,0,pitch,10,1,0,0,0,0,0,1,0,0,0,0,0,125,250,1,0,0,0,0,0,0,0,152,415,133,300,0,0,0,0,0,battery?,,ERROR,0,-1,-1
,gui,,CONTROL_PANEL,39483,43,3,2,1,275.667,0,727,takeoff,,TIMEOUT,manual,Timeout waiting for response,attempt=1|send=OK|raw=|result=TIMEOUT,347,347,0,0,0,10.1731,10.1783,79,98,338,338,225,2,0,0,OK,100,1,80,84,180.24,0,89,66,68,635,3316371,0,0,0,32.7844,21,35,-1,0,0,0,0,0,0,OK,100,635,3316371,602,0,0,0,0,0,0,0,0,0,0,602,5,32.7844,960,720,0,0,1,0,OK,0,,0,vision:ffmpeg_stream,,,CONNECTED,0,pitch,11,1,0,0,0,0,0,1,0,0,0,0,0,125,249,1,0,0,0,0,0,0,0,161,441,142,300,0,0,0,0,0,battery?,,ERROR,0,-1,-1
,gui,,CONTROL_PANEL,40483,44,3,2,1,275.667,0,727,takeoff,,TIMEOUT,manual,Timeout waiting for response,attempt=1|send=OK|raw=|result=TIMEOUT,358,358,0,0,0,10.2881,10.9452,55,97,338,338,225,2,0,0,OK,100,1,80,85,180.23,0,89,67,68,667,3450856,0,0,0,31.9951,6,32,-1,0,0,0,0,0,0,OK,100,667,3450856,634,0,0,0,0,0,0,0,0,0,0,634,5,31.9951,960,720,0,0,1,0,OK,0,,0,vision:ffmpeg_stream,,,CONNECTED,0,pitch,11,1,0,0,0,0,0,1,0,0,0,0,0,125,249,0,0,0,0,0,0,0,0,169,465,150,300,0,0,0,0,0,battery?,,ERROR,0,-1,-1
,gui,,CONTROL_PANEL,41607,45,3,2,1,275.667,0,727,takeoff,,TIMEOUT,manual,Timeout waiting for response,attempt=1|send=OK|raw=|result=TIMEOUT,370,370,0,0,0,9.99965,10.5682,15,100,338,338,225,2,0,0,OK,100,1,80,84,180.16,0,88,66,69,702,3596641,0,0,0,32.0144,23,35,-1,0,0,0,0,0,0,OK,100,702,3596641,669,0,0,0,0,0,0,0,0,0,0,669,5,32.0144,960,720,0,0,1,0,OK,0,,0,vision:ffmpeg_stream,,,CONNECTED,0,pitch,12,1,0,0,0,0,0,1,0,0,0,0,0,125,250,1,0,0,0,0,0,0,0,178,491,159,300,1,1,0,0,0,battery?,88,OK,14,357,357
,gui,,CONTROL_PANEL,42608,46,3,2,1,275.667,0,727,takeoff,,TIMEOUT,manual,Timeout waiting for response,attempt=1|send=OK|raw=|result=TIMEOUT,380,380,0,0,0,10.7572,10.3914,50,92,338,338,225,2,0,0,OK,100,1,80,84,179.99,0,88,66,69,734,3730220,0,0,0,31.7597,11,32,-1,0,0,0,0,0,0,OK,100,734,3730220,701,0,0,0,0,0,0,0,0,0,0,701,5,31.7597,960,720,0,0,1,0,OK,0,,0,vision:ffmpeg_stream,,,CONNECTED,0,pitch,10,1,0,0,0,0,0,1,0,0,0,0,0,125,249,1,0,0,0,0,0,0,0,186,515,167,300,1,1,0,0,0,battery?,88,OK,14,1358,1358
,gui,,CONTROL_PANEL,43732,47,3,2,1,275.667,0,727,takeoff,,TIMEOUT,manual,Timeout waiting for response,attempt=1|send=OK|raw=|result=TIMEOUT,392,392,0,0,0,10.3371,10.3833,12,96,338,338,225,2,0,0,OK,100,1,80,84,180.18,0,87,67,69,769,3876023,0,0,0,31.954,29,35,-1,0,0,0,0,0,0,OK,100,769,3876023,736,0,0,0,0,0,0,0,0,0,0,736,5,31.954,960,720,0,0,1,0,OK,0,,0,vision:ffmpeg_stream,,,CONNECTED,0,pitch,12,1,0,0,0,0,0,1,0,0,0,0,0,124,249,1,0,0,0,0,0,0,0,195,541,176,300,1,1,0,0,0,battery?,88,OK,14,2482,2482
,gui,,CONTROL_PANEL,44733,48,3,2,1,275.667,0,727,takeoff,,TIMEOUT,manual,Timeout waiting for response,attempt=1|send=OK|raw=|result=TIMEOUT,402,402,0,0,0,10.3341,10.7674,93,96,338,338,225,2,0,0,OK,100,1,80,84,179.99,0,86,67,70,801,4009289,0,0,0,31.6226,16,32,-1,0,0,0,0,0,0,OK,100,801,4009289,768,0,0,0,0,0,0,0,0,0,0,768,5,31.6226,960,720,0,0,1,0,OK,0,,0,vision:ffmpeg_stream,,,CONNECTED,0,pitch,10,1,0,0,0,0,0,1,0,0,0,0,0,124,249,1,0,0,0,0,0,0,0,203,565,184,300,1,1,0,0,0,battery?,88,OK,14,3483,3483
,gui,,CONTROL_PANEL,45857,49,3,2,1,275.667,0,727,takeoff,,TIMEOUT,manual,Timeout waiting for response,attempt=1|send=OK|raw=|result=TIMEOUT,414,414,0,0,0,9.89374,10.1044,31,101,338,338,225,2,0,0,OK,100,1,80,85,180.21,0,86,67,69,836,4155125,0,0,0,32.2464,10,35,-1,0,0,0,0,0,0,OK,100,836,4155125,803,0,0,0,0,0,0,0,0,0,0,803,5,32.2464,960,720,0,0,1,0,OK,0,,0,vision:ffmpeg_stream,,,CONNECTED,0,pitch,12,1,0,0,0,0,0,1,0,0,0,0,0,125,250,1,0,0,0,0,0,0,0,212,591,193,300,1,1,0,0,0,battery?,88,OK,14,4608,4608
,gui,,CONTROL_PANEL,46858,50,3,2,1,275.667,0,727,takeoff,,TIMEOUT,manual,Timeout waiting for response,attempt=1|send=OK|raw=|result=TIMEOUT,424,424,0,0,0,10.0061,10.0547,39,99,338,338,225,2,0,0,OK,100,1,80,85,180.21,0,85,67,70,867,4284358,0,0,0,32.3949,5,31,-1,0,0,0,0,0,0,OK,100,867,4284358,834,0,0,0,0,0,0,0,0,0,0,834,5,32.3949,960,720,0,0,1,0,OK,0,,0,vision:ffmpeg_stream,,,CONNECTED,0,pitch,10,1,0,0,0,0,0,1,0,0,0,0,0,125,249,1,0,0,0,0,0,0,0,221,613,201,300,2,2,0,0,0,battery?,86,OK,22,586,586
,gui,,CONTROL_PANEL,47982,51,3,2,1,275.667,0,727,takeoff,,TIMEOUT,manual,Timeout waiting for response,attempt=1|send=OK|raw=|result=TIMEOUT,436,436,0,0,0,10.042,10.8366,18,99,338,338,225,2,0,0,OK,100,1,80,86,180.24,0,85,67,70,901,4425997,0,0,0,31.5636,21,34,-1,0,0,0,0,0,0,OK,100,901,4425997,868,0,0,0,0,0,0,0,0,0,0,868,5,31.5636,960,720,0,0,1,0,OK,0,,0,vision:ffmpeg_stream,,,CONNECTED,0,pitch,12,1,0,0,0,0,0,1,0,0,0,0,0,124,250,1,0,0,0,0,0,0,0,230,638,209,300,2,2,0,0,0,battery?,86,OK,22,1710,1710
,gui,,CONTROL_PANEL,48983,52,3,2,1,275.667,0,727,takeoff,,TIMEOUT,manual,Timeout waiting for response,attempt=1|send=OK|raw=|result=TIMEOUT,446,446,0,0,0,10.031,10.1319,23,99,338,338,225,2,0,0,OK,100,1,80,86,179.8,0,84,67,70,932,4555260,0,0,0,35.2648,16,31,-1,0,0,0,0,0,0,OK,100,932,4555260,899,0,0,0,0,0,0,0,0,0,0,899,5,35.2648,960,720,0,0,1,0,OK,0,,0,vision:ffmpeg_stream,,,CONNECTED,0,pitch,10,1,0,0,0,0,0,1,0,0,0,0,0,125,250,1,0,0,0,0,0,0,0,238,661,217,300,2,2,0,0,0,battery?,86,OK,22,2711,2711
,gui,,CONTROL_PANEL,50107,53,3,2,1,275.667,0,727,takeoff,,TIMEOUT,manual,Timeout waiting for response,attempt=1|send=OK|raw=|result=TIMEOUT,457,457,0,0,0,10.1356,10.0763,53,98,338,338,225,2,0,0,OK,100,1,80,84,179.96,0,84,68,71,967,4701033,0,0,0,31.1514,2,35,-1,0,0,0,0,0,0,OK,100,967,4701033,934,0,0,0,0,0,0,0,0,0,0,934,5,31.1514,960,720,0,0,1,0,OK,0,,0,vision:ffmpeg_stream,,,CONNECTED,0,pitch,11,1,0,0,0,0,0,1,0,0,0,0,0,124,249,1,0,0,0,0,0,0,0,247,687,226,300,2,2,0,0,0,battery?,86,OK,22,3835,3835
,gui,,CONTROL_PANEL,51107,54,3,2,1,275.667,0,727,takeoff,,TIMEOUT,manual,Timeout waiting for response,attempt=1|send=OK|raw=|result=TIMEOUT,468,468,0,0,0,10.0577,11.7021,8,99,338,338,225,2,0,0,OK,100,1,80,83,180,0,83,67,70,997,4826116,0,0,0,30.622,24,30,-1,0,0,0,0,0,0,OK,100,997,4826116,964,0,0,0,0,0,0,0,0,0,0,964,5,30.622,960,720,0,0,1,0,OK,0,,0,vision:ffmpeg_stream,,,CONNECTED,0,pitch,11,1,0,0,0,0,0,1,0,0,0,0,0,124,250,0,0,0,0,0,0,0,0,256,708,234,300,2,2,0,0,0,battery?,86,OK,22,4835,4835
,gui,,CONTROL_PANEL,52232,55,3,2,1,275.667,0,727,takeoff,,TIMEOUT,manual,Timeout waiting for response,attempt=1|send=OK|raw=|result=TIMEOUT,479,479,0,0,0,10.3083,10.7018,38,97,338,338,225,2,0,0,OK,100,1,80,84,180.12,0,83,67,71,1032,4971967,0,0,0,31.5024,12,35,-1,0,0,0,0,0,0,OK,100,1032,4971967,999,0,0,0,0,0,0,0,0,0,0,999,5,31.5024,960,720,0,0,1,0,OK,0,,0,vision:ffmpeg_stream,,,CONNECTED,0,pitch,11,1,0,0,0,0,0,1,0,0,0,0,0,124,249,1,0,0,0,0,0,0,0,265,734,243,300,3,3,0,0,0,battery?,83,OK,26,933,933
,gui,,CONTROL_PANEL,53232,56,3,2,1,275.667,0,727,takeoff,,TIMEOUT,manual,Timeout waiting for response,attempt=1|send=OK|raw=|result=TIMEOUT,489,489,0,0,0,11.783,10.2591,43,84,338,338,225,2,0,0,OK,100,1,80,83,179.86,0,82,68,71,1063,5101039,0,0,0,36.3854,2,31,-1,0,0,0,0,0,0,OK,100,1063,5101039,1030,0,0,0,0,0,0,0,0,0,0,1030,5,36.3854,960,720,0,0,1,0,OK,0,,0,vision:ffmpeg_stream,,,CONNECTED,0,pitch,10,1,0,0,0,0,0,1,0,0,0,0,0,125,249,1,0,0,0,0,0,0,0,273,757,251,300,3,3,0,0,0,battery?,83,OK,26,1933,1933
,gui,,CONTROL_PANEL,54233,57,3,2,1,275.667,0,727,takeoff,,TIMEOUT,manual,Timeout waiting for response,attempt=1|send=OK|raw=|result=TIMEOUT,499,499,0,0,0,10.0533,10.4155,48,99,338,338,225,2,0,0,OK,100,1,80,83,179.81,0,82,69,71,1093,5226199,0,0,0,34.9409,29,30,-1,0,0,0,0,0,0,OK,100,1093,5226199,1060,0,0,0,0,0,0,0,0,0,0,1060,5,34.9409,960,720,0,0,1,0,OK,0,,0,vision:ffmpeg_stream,,,CONNECTED,0,pitch,10,1,0,0,0,0,0,1,0,0,0,0,0,125,249,2,0,0,1,0,0,0,0,280,780,258,300,3,3,0,0,0,battery?,83,OK,26,2934,2934
,gui,,CONTROL_PANEL,55358,58,3,2,1,275.667,0,727,takeoff,,TIMEOUT,manual,Timeout waiting for response,attempt=1|send=OK|raw=|result=TIMEOUT,511,511,0,0,0,10.0466,11.5625,27,99,338,338,225,2,0,0,OK,100,1,80,83,179.94,0,81,68,71,1128,5372071,0,0,0,30.7976,16,35,-1,0,0,0,0,0,0,OK,100,1128,5372071,1095,0,0,0,0,0,0,0,0,0,0,1095,5,30.7976,960,720,0,0,1,0,OK,0,,0,vision:ffmpeg_stream,,,CONNECTED,0,pitch,12,1,0,0,0,0,0,1,0,0,0,0,0,125,249,1,0,0,0,0,0,0,0,289,806,267,300,3,3,0,0,0,battery?,83,OK,26,4059,4059
,gui,,CONTROL_PANEL,56483,59,3,2,1,275.667,0,727,takeoff,,TIMEOUT,manual,Timeout waiting for response,attempt=1|send=OK|raw=|result=TIMEOUT,522,522,0,0,0,9.81115,9.98876,40,101,338,338,225,2,0,0,OK,100,1,80,85,179.89,0,80,69,72,1163,5517921,0,0,0,39.5711,5,35,-1,0,0,0,0,0,0,OK,100,1163,5517921,1130,0,0,0,0,0,0,0,0,0,0,1130,5,39.5711,960,720,0,0,1,0,OK,0,,0,vision:ffmpeg_stream,,,CONNECTED,0,pitch,11,1,0,0,0,0,0,1,0,0,0,0,0,124,249,1,0,0,0,0,0,0,0,299,831,276,300,4,4,0,0,0,battery?,80,OK,40,142,142
,gui,,CONTROL_PANEL,57199,60,3,2,1,275.667,0,727,takeoff,,TIMEOUT,manual,Timeout waiting for response,attempt=1|send=OK|raw=|result=TIMEOUT,529,529,0,0,0,9.8006,9.84477,43,102,338,338,225,2,0,0,OK,100,1,80,86,180.14,0,80,69,71,1163,5517921,0,0,0,39.5711,5,35,-1,0,0,0,0,0,0,OK,100,1163,5517921,1130,0,0,0,0,0,0,0,0,0,0,1130,5,39.5711,960,720,0,0,1,0,OK,0,,0,log,2026-07-02T14:07:34.309,sdk keepalive paused while keyboard RC worker is active,CONNECTED,0,pitch,7,1,1,0,0,0,0,0,0,0,0,0,0,124,250,2,0,0,1,0,0,0,0,305,845,282,300,4,4,0,0,0,battery?,80,OK,40,859,859
,gui,,CONTROL_PANEL,57200,61,3,2,1,275.667,0,727,takeoff,,TIMEOUT,manual,Timeout waiting for response,attempt=1|send=OK|raw=|result=TIMEOUT,529,529,0,0,0,9.8006,9.84477,44,102,338,338,225,2,0,0,OK,100,1,80,86,180.14,0,80,69,71,1163,5517921,0,0,0,39.5711,5,35,-1,0,0,0,0,0,0,OK,100,1163,5517921,1130,0,0,0,0,0,0,0,0,0,0,1130,5,39.5711,960,720,0,0,1,0,OK,0,,0,log,2026-07-02T14:07:34.310,keyboard control ON: KeyboardTest,CONNECTED,0,pitch,0,1,1,0,0,0,0,0,0,0,0,0,0,124,250,2,0,0,1,0,0,0,0,305,845,282,300,4,4,0,0,0,battery?,80,OK,40,860,860
,gui,,CONTROL_PANEL,57200,62,3,2,1,275.667,0,727,takeoff,,TIMEOUT,manual,Timeout waiting for response,attempt=1|send=OK|raw=|result=TIMEOUT,529,529,0,0,0,9.8006,9.84477,44,102,338,338,225,2,0,0,OK,100,1,80,86,180.14,0,80,69,71,1163,5517921,0,0,0,39.5711,5,35,-1,0,0,0,0,0,0,OK,100,1163,5517921,1130,0,0,0,0,0,0,0,0,0,0,1130,5,39.5711,960,720,0,0,1,0,OK,0,,0,keyboard-control:on:KeyboardTest,,,CONNECTED,0,pitch,0,1,1,0,0,0,0,0,0,0,0,0,0,124,250,2,0,0,1,0,0,0,0,305,845,282,300,4,4,0,0,0,battery?,80,OK,40,860,860
,gui,,CONTROL_PANEL,57483,63,3,2,1,275.667,0,727,takeoff,,TIMEOUT,manual,Timeout waiting for response,attempt=1|send=OK|raw=|result=TIMEOUT,532,532,0,0,0,9.78828,9.82284,21,102,338,338,225,2,0,0,OK,100,1,80,86,179.76,0,80,69,71,1193,5643010,0,0,0,39.3735,5,30,-1,0,0,0,0,0,0,OK,100,1193,5643010,1160,0,0,0,0,0,0,0,0,0,0,1160,5,39.3735,960,720,0,0,1,0,OK,0,,0,vision:ffmpeg_stream,,,CONNECTED,0,pitch,3,1,1,0,0,0,0,0,0,0,0,0,0,125,250,1,0,0,0,0,0,0,0,307,853,284,300,4,4,0,0,0,battery?,80,OK,40,1143,1143
,gui,,CONTROL_PANEL,58483,64,3,2,1,275.667,0,727,takeoff,,TIMEOUT,manual,Timeout waiting for response,attempt=1|send=OK|raw=|result=TIMEOUT,542,542,0,0,0,9.80938,9.80724,1,101,338,338,225,2,0,0,OK,100,1,80,84,179.81,0,79,69,73,1223,5768093,0,0,0,40.6208,5,30,-1,0,0,0,0,0,0,OK,100,1223,5768093,1190,0,0,0,0,0,0,0,0,0,0,1190,5,40.6208,960,720,0,0,1,0,OK,0,,0,vision:ffmpeg_stream,,,CONNECTED,0,pitch,10,1,1,0,0,0,0,0,0,0,0,0,0,125,249,1,0,0,0,0,0,0,0,316,874,292,300,4,4,0,0,0,battery?,80,OK,40,2143,2143
,gui,,CONTROL_PANEL,59607,65,3,2,1,275.667,0,727,takeoff,,TIMEOUT,manual,Timeout waiting for response,attempt=1|send=OK|raw=|result=TIMEOUT,553,553,0,0,0,9.83398,10.0939,54,101,338,338,225,2,0,0,OK,100,1,80,85,179.76,0,79,70,71,1256,5905962,0,0,0,31.0323,6,33,-1,0,0,0,0,0,0,OK,100,1256,5905962,1223,0,0,0,0,0,0,0,0,0,0,1223,5,31.0323,960,720,0,0,1,0,OK,0,,0,vision:ffmpeg_stream,,,CONNECTED,0,pitch,11,1,1,0,0,0,0,0,0,0,0,0,0,124,249,1,0,0,0,0,0,0,0,326,897,301,300,4,4,0,0,0,battery?,80,OK,40,3267,3267
,gui,,CONTROL_PANEL,60607,66,3,2,1,275.667,0,727,takeoff,,TIMEOUT,manual,Timeout waiting for response,attempt=1|send=OK|raw=|result=TIMEOUT,563,563,0,0,0,9.48619,9.80832,27,105,338,338,225,2,0,0,OK,100,1,80,86,180.03,0,78,69,72,1286,6030574,0,0,0,33.6945,12,30,-1,0,0,0,0,0,0,OK,100,1286,6030574,1253,0,0,0,0,0,0,0,0,0,0,1253,5,33.6945,960,720,0,0,1,0,OK,0,,0,vision:ffmpeg_stream,,,CONNECTED,0,pitch,10,1,1,0,0,20,0,0,0,0,0,0,0,124,250,1,0,0,0,0,0,0,0,335,918,309,300,4,4,0,0,0,battery?,80,OK,40,4267,4267
,gui,,CONTROL_PANEL,61733,67,3,2,1,275.667,0,727,takeoff,,TIMEOUT,manual,Timeout waiting for response,attempt=1|send=OK|raw=|result=TIMEOUT,574,574,0,0,0,9.95848,10.0442,64,100,338,338,225,2,0,0,OK,100,1,90,95,179.67,0,78,70,72,1321,6175459,0,0,0,32.5613,32,35,-1,0,0,0,0,0,0,OK,100,1321,6175459,1287,0,0,0,0,0,0,0,0,0,0,1287,5,32.5613,960,720,0,0,1,0,OK,0,,0,vision:ffmpeg_stream,,,CONNECTED,0,pitch,11,1,1,0,0,0,0,0,0,0,0,0,0,125,250,1,0,0,0,0,0,0,0,344,943,318,300,4,4,0,0,0,battery?,80,OK,40,5393,5393
,gui,,CONTROL_PANEL,62857,68,3,2,1,275.667,0,727,takeoff,,TIMEOUT,manual,Timeout waiting for response,attempt=1|send=OK|raw=|result=TIMEOUT,586,586,0,0,0,10.0422,10.8193,43,99,338,338,225,2,0,0,OK,100,1,90,95,179.86,0,77,69,72,1355,6317955,0,0,0,30.9515,15,34,-1,0,0,0,0,0,0,OK,100,1355,6317955,1322,0,0,0,0,0,0,0,0,0,0,1322,5,30.9515,960,720,0,0,1,0,OK,0,,0,vision:ffmpeg_stream,,,CONNECTED,0,pitch,12,1,1,0,0,0,0,0,0,0,0,0,0,124,249,1,0,0,0,0,0,0,0,353,969,327,300,4,4,0,0,0,battery?,80,OK,40,6517,6517
,gui,,CONTROL_PANEL,63857,69,3,2,1,275.667,0,727,takeoff,,TIMEOUT,manual,Timeout waiting for response,attempt=1|send=OK|raw=|result=TIMEOUT,596,596,0,0,0,10.1431,10.1328,47,98,338,338,225,2,0,0,OK,100,1,90,94,179.81,0,77,70,73,1386,6447210,0,0,0,32.1788,10,31,-1,0,0,0,0,0,0,OK,100,1386,6447210,1353,0,0,0,0,0,0,0,0,0,0,1353,5,32.1788,960,720,0,0,1,0,OK,0,,0,vision:ffmpeg_stream,,,CONNECTED,0,pitch,10,1,1,0,0,0,0,0,0,0,0,0,0,124,250,1,0,0,0,0,0,0,0,361,992,335,300,4,4,0,0,0,battery?,80,OK,40,7517,7517
,gui,,CONTROL_PANEL,64857,70,3,2,1,275.667,0,727,takeoff,,TIMEOUT,manual,Timeout waiting for response,attempt=1|send=OK|raw=|result=TIMEOUT,606,606,0,0,0,10.2773,10.2925,73,97,338,338,225,2,0,0,OK,100,1,90,93,179.54,0,76,70,73,1417,6576381,0,0,0,33.2245,23,31,-1,0,0,0,0,0,0,OK,100,1417,6576381,1384,0,0,0,0,0,0,0,0,0,0,1384,5,33.2245,960,720,0,0,1,0,OK,0,,0,vision:ffmpeg_stream,,,CONNECTED,0,pitch,10,1,1,0,0,-20,0,0,0,0,0,0,0,124,249,1,0,0,0,0,0,0,0,369,1015,343,300,4,4,0,0,0,battery?,80,OK,40,8517,8517
,gui,,CONTROL_PANEL,65858,71,3,2,1,275.667,0,727,takeoff,,TIMEOUT,manual,Timeout waiting for response,attempt=1|send=OK|raw=|result=TIMEOUT,617,617,0,0,0,10.213,10.2681,1,97,338,338,225,2,0,0,OK,100,1,80,87,179.47,0,76,70,72,1449,6709784,0,0,0,31.514,4,32,-1,0,0,0,0,0,0,OK,100,1449,6709784,1416,0,0,0,0,0,0,0,0,0,0,1416,5,31.514,960,720,0,0,1,0,OK,0,,0,vision:ffmpeg_stream,,,CONNECTED,0,pitch,11,1,1,0,0,0,0,0,0,0,0,0,0,125,250,1,0,0,0,0,0,0,0,377,1039,351,300,4,4,0,0,0,battery?,80,OK,40,9517,9517
,gui,,CONTROL_PANEL,66983,72,3,2,1,275.667,0,727,takeoff,,TIMEOUT,manual,Timeout waiting for response,attempt=1|send=OK|raw=|result=TIMEOUT,629,629,0,0,0,10.0436,10.5743,4,99,338,338,225,2,0,0,OK,100,1,80,87,179.69,0,75,70,73,1484,6855745,0,0,0,32.9379,15,35,-1,0,0,0,0,0,0,OK,100,1484,6855745,1451,0,0,0,0,0,0,0,0,0,0,1451,5,32.9379,960,720,0,0,1,0,OK,0,,0,vision:ffmpeg_stream,,,CONNECTED,0,pitch,12,1,1,0,0,0,0,0,0,0,0,0,0,125,250,1,0,0,0,0,0,0,0,386,1065,360,300,4,4,0,0,0,battery?,80,OK,40,10642,10642
,gui,,CONTROL_PANEL,68108,73,3,2,1,275.667,0,727,takeoff,,TIMEOUT,manual,Timeout waiting for response,attempt=1|send=OK|raw=|result=TIMEOUT,640,640,0,0,0,10.2095,10.311,60,97,338,338,225,2,0,0,OK,100,1,80,89,179.64,0,74,70,72,1519,7001533,0,0,0,31.5842,26,35,-1,0,0,0,0,0,0,OK,100,1519,7001533,1486,0,0,0,0,0,0,0,0,0,0,1486,5,31.5842,960,720,0,0,1,0,OK,0,,0,vision:ffmpeg_stream,,,CONNECTED,0,pitch,11,1,1,0,20,0,0,0,0,0,0,0,0,125,250,2,0,0,1,0,0,0,0,395,1091,369,300,4,4,0,0,0,battery?,80,OK,40,11767,11767
,gui,,CONTROL_PANEL,69232,74,3,2,1,275.667,0,727,takeoff,,TIMEOUT,manual,Timeout waiting for response,attempt=1|send=OK|raw=|result=TIMEOUT,652,652,0,0,0,10.3305,10.2779,16,96,338,338,225,2,0,0,OK,100,1,80,89,179.71,0,74,71,72,1555,7152018,0,0,0,36.792,8,36,-1,0,0,0,0,0,0,OK,100,1555,7152018,1522,0,0,0,0,0,0,0,0,0,0,1522,5,36.792,960,720,0,0,1,0,OK,0,,0,vision:ffmpeg_stream,,,CONNECTED,0,pitch,12,1,1,0,0,0,0,0,0,0,0,0,0,124,250,2,0,0,1,0,0,0,0,404,1118,378,300,4,4,0,0,0,battery?,80,OK,40,12892,12892
,gui,,CONTROL_PANEL,70232,75,3,2,1,275.667,0,727,takeoff,,TIMEOUT,manual,Timeout waiting for response,attempt=1|send=OK|raw=|result=TIMEOUT,662,662,0,0,0,10.1391,11.8644,90,98,338,338,225,2,0,0,OK,100,1,80,86,179.77,0,73,71,73,1586,7280824,0,0,0,33.8496,18,31,-1,0,0,0,0,0,0,OK,100,1586,7280824,1553,0,0,0,0,0,0,0,0,0,0,1553,5,33.8496,960,720,0,0,1,0,OK,0,,0,vision:ffmpeg_stream,,,CONNECTED,0,pitch,10,1,1,0,0,0,0,0,0,0,0,0,0,124,250,2,0,0,1,0,0,0,0,412,1141,386,300,4,4,0,0,0,battery?,80,OK,40,13892,13892
,gui,,CONTROL_PANEL,71358,76,3,2,1,275.667,0,727,takeoff,,TIMEOUT,manual,Timeout waiting for response,attempt=1|send=OK|raw=|result=TIMEOUT,674,674,0,0,0,10.0481,10.2028,29,99,338,338,225,2,0,0,OK,100,1,80,81,179.72,0,73,70,73,1621,7427016,0,0,0,31.0457,10,35,-1,0,0,0,0,0,0,OK,100,1621,7427016,1588,0,0,0,0,0,0,0,0,0,0,1588,5,31.0457,960,720,0,0,1,0,OK,0,,0,vision:ffmpeg_stream,,,CONNECTED,0,pitch,12,1,1,0,-20,0,0,0,0,0,0,0,0,125,250,1,0,0,0,0,0,0,0,421,1167,395,300,4,4,0,0,0,battery?,80,OK,40,15017,15017
,gui,,CONTROL_PANEL,72482,77,3,2,1,275.667,0,727,takeoff,,TIMEOUT,manual,Timeout waiting for response,attempt=1|send=OK|raw=|result=TIMEOUT,685,685,0,0,0,9.64057,10.0224,56,103,338,338,225,2,0,0,OK,100,1,80,84,179.86,0,72,71,74,1656,7572666,0,0,0,31.4113,0,35,-1,0,0,0,0,0,0,OK,100,1656,7572666,1623,0,0,0,0,0,0,0,0,0,0,1623,5,31.4113,960,720,0,0,1,0,OK,0,,0,vision:ffmpeg_stream,,,CONNECTED,0,pitch,11,1,1,0,0,0,0,0,0,0,0,0,0,124,250,1,0,0,0,0,0,0,0,430,1193,404,300,4,4,0,0,0,battery?,80,OK,40,16142,16142
,gui,,CONTROL_PANEL,73483,78,3,2,1,275.667,0,727,takeoff,,TIMEOUT,manual,Timeout waiting for response,attempt=1|send=OK|raw=|result=TIMEOUT,695,695,0,0,0,10.1613,10.0739,66,98,338,338,225,2,0,0,OK,100,1,80,88,179.99,0,72,72,73,1686,7697840,0,0,0,30.9803,25,30,-1,0,0,0,0,0,0,OK,100,1686,7697840,1653,0,0,0,0,0,0,0,0,0,0,1653,5,30.9803,960,720,0,0,1,0,OK,0,,0,vision:ffmpeg_stream,,,CONNECTED,0,pitch,10,1,1,0,0,0,0,0,0,0,0,0,0,124,249,1,0,0,0,0,0,0,0,438,1215,412,300,4,4,0,0,0,battery?,80,OK,40,17143,17143
,gui,,CONTROL_PANEL,74607,79,3,2,1,275.667,0,727,takeoff,,TIMEOUT,manual,Timeout waiting for response,attempt=1|send=OK|raw=|result=TIMEOUT,707,707,0,0,0,10.0275,10.8759,49,99,338,338,225,2,0,0,OK,100,1,80,89,179.55,0,71,71,74,1721,7843471,0,0,0,30.781,12,35,-1,0,0,0,0,0,0,OK,100,1721,7843471,1688,0,0,0,0,0,0,0,0,0,0,1688,5,30.781,960,720,0,0,1,0,OK,0,,0,vision:ffmpeg_stream,,,CONNECTED,0,pitch,12,1,1,0,20,0,0,0,0,0,0,0,0,125,250,1,0,0,0,0,0,0,0,448,1240,421,300,4,4,0,0,0,battery?,80,OK,40,18267,18267
,gui,,CONTROL_PANEL,75732,80,3,2,1,275.667,0,727,takeoff,,TIMEOUT,manual,Timeout waiting for response,attempt=1|send=OK|raw=|result=TIMEOUT,718,718,0,0,0,10.0632,10.138,80,99,338,338,225,2,0,0,OK,100,1,80,89,179.81,0,70,72,75,1756,7989229,0,0,0,31.2106,2,35,-1,0,0,0,0,0,0,OK,100,1756,7989229,1723,0,0,0,0,0,0,0,0,0,0,1723,5,31.2106,960,720,0,0,1,0,OK,0,,0,vision:ffmpeg_stream,,,CONNECTED,0,pitch,11,1,1,0,20,0,0,0,0,0,0,0,0,124,249,0,0,0,0,0,0,0,0,457,1266,430,300,4,4,0,0,0,battery?,80,OK,40,19392,19392
,gui,,CONTROL_PANEL,76732,81,3,2,1,275.667,0,727,takeoff,,TIMEOUT,manual,Timeout waiting for response,attempt=1|send=OK|raw=|result=TIMEOUT,728,728,0,0,0,10.0637,10.0821,87,99,338,338,225,2,0,0,OK,100,1,80,89,179.77,0,70,71,75,1786,8114119,0,0,0,32.0131,26,30,-1,0,0,0,0,0,0,OK,100,1786,8114119,1753,0,0,0,0,0,0,0,0,0,0,1753,5,32.0131,960,720,0,0,1,0,OK,0,,0,vision:ffmpeg_stream,,,CONNECTED,0,pitch,10,1,1,0,20,0,0,0,0,0,0,0,0,124,249,1,0,0,0,0,0,0,0,465,1288,438,300,4,4,0,0,0,battery?,80,OK,40,20392,20392
,gui,,CONTROL_PANEL,77733,82,3,2,1,275.667,0,727,takeoff,,TIMEOUT,manual,Timeout waiting for response,attempt=1|send=OK|raw=|result=TIMEOUT,738,738,0,0,0,9.85135,10.0313,92,101,338,338,225,2,0,0,OK,100,1,80,93,179.77,0,70,72,75,1817,8242517,0,0,0,31.0084,21,31,-1,0,0,0,0,0,0,OK,100,1817,8242517,1784,0,0,0,0,0,0,0,0,0,0,1784,5,31.0084,960,720,0,0,1,0,OK,0,,0,vision:ffmpeg_stream,,,CONNECTED,0,pitch,10,1,1,0,0,0,0,0,0,0,0,0,0,125,249,1,0,0,0,0,0,0,0,473,1311,446,300,4,4,0,0,0,battery?,80,OK,40,21393,21393
,gui,,CONTROL_PANEL,78858,83,3,2,1,275.667,0,727,takeoff,,TIMEOUT,manual,Timeout waiting for response,attempt=1|send=OK|raw=|result=TIMEOUT,750,750,0,0,0,9.9912,10.4536,75,100,338,338,225,2,0,0,OK,100,1,90,96,180.07,0,70,73,75,1852,8389206,0,0,0,31.2767,11,35,-1,0,0,0,0,0,0,OK,100,1852,8389206,1819,0,0,0,0,0,0,0,0,0,0,1819,5,31.2767,960,720,0,0,1,0,OK,0,,0,vision:ffmpeg_stream,,,CONNECTED,0,pitch,12,1,1,0,0,0,0,0,0,0,0,0,0,125,250,1,0,0,0,0,0,0,0,482,1337,455,300,4,4,0,0,0,battery?,80,OK,40,22517,22517
,gui,,CONTROL_PANEL,79982,84,3,2,1,275.667,0,727,takeoff,,TIMEOUT,manual,Timeout waiting for response,attempt=1|send=OK|raw=|result=TIMEOUT,762,762,0,0,0,10.0614,10.093,7,99,338,338,225,2,0,0,OK,100,1,80,83,179.41,0,70,72,75,1886,8530380,0,0,0,32.8602,32,34,-1,0,0,0,0,0,0,OK,100,1886,8530380,1853,0,0,0,0,0,0,0,0,0,0,1853,5,32.8602,960,720,0,0,1,0,OK,0,,0,vision:ffmpeg_stream,,,CONNECTED,0,pitch,12,1,1,0,0,0,0,0,0,0,0,0,0,124,250,1,0,0,0,0,0,0,0,492,1361,463,300,4,4,0,0,0,battery?,80,OK,40,23642,23642
,gui,,CONTROL_PANEL,80983,85,3,2,1,275.667,0,727,takeoff,,TIMEOUT,manual,Timeout waiting for response,attempt=1|send=OK|raw=|result=TIMEOUT,772,772,0,0,0,11.3574,10.1472,12,88,338,338,225,2,0,0,OK,100,1,80,87,179.67,0,70,72,75,1917,8660009,0,0,0,32.1134,22,31,-1,0,0,0,0,0,0,OK,100,1917,8660009,1884,0,0,0,0,0,0,0,0,0,0,1884,5,32.1134,960,720,0,0,1,0,OK,0,,0,vision:ffmpeg_stream,,,CONNECTED,0,pitch,10,1,1,0,0,0,0,0,0,0,0,0,0,125,249,1,0,0,0,0,0,0,0,500,1384,471,300,4,4,0,0,0,battery?,80,OK,40,24643,24643
,gui,,CONTROL_PANEL,82107,86,3,2,1,275.667,0,727,takeoff,,TIMEOUT,manual,Timeout waiting for response,attempt=1|send=OK|raw=|result=TIMEOUT,783,783,0,0,0,10.3566,10.4001,92,96,338,338,225,2,0,0,OK,100,1,80,85,179.75,0,70,72,75,1952,8804762,0,0,0,31.7821,12,35,-1,0,0,0,0,0,0,OK,100,1952,8804762,1919,0,0,0,0,0,0,0,0,0,0,1919,5,31.7821,960,720,0,0,1,0,OK,0,,0,vision:ffmpeg_stream,,,CONNECTED,0,pitch,11,1,1,0,0,0,0,0,0,0,0,0,0,124,249,1,0,0,0,0,0,0,0,509,1410,480,300,4,4,0,0,0,battery?,80,OK,40,25767,25767
,gui,,CONTROL_PANEL,83107,87,3,2,1,275.667,0,727,takeoff,,TIMEOUT,manual,Timeout waiting for response,attempt=1|send=OK|raw=|result=TIMEOUT,793,793,0,0,0,10.0621,10.1128,97,99,338,338,225,2,0,0,OK,100,1,80,88,179.51,0,70,73,76,1983,8933521,0,0,0,30.975,2,31,-1,0,0,0,0,0,0,OK,100,1983,8933521,1950,0,0,0,0,0,0,0,0,0,0,1950,5,30.975,960,720,0,0,1,0,OK,0,,0,vision:ffmpeg_stream,,,CONNECTED,0,pitch,10,1,1,0,20,0,0,0,0,0,0,0,0,125,249,2,0,0,1,0,0,0,0,518,1432,487,300,4,4,0,0,0,battery?,80,OK,40,26767,26767
,gui,,CONTROL_PANEL,84233,88,3,2,1,275.667,0,727,takeoff,,TIMEOUT,manual,Timeout waiting for response,attempt=1|send=OK|raw=|result=TIMEOUT,805,805,0,0,0,10.2485,10.1044,29,97,338,338,225,2,0,0,OK,100,1,80,88,179.43,0,70,72,75,2017,9075310,0,0,0,31.7239,23,34,-1,0,0,0,0,0,0,OK,100,2017,9075310,1984,0,0,0,0,0,0,0,0,0,0,1984,5,31.7239,960,720,0,0,1,0,OK,0,,0,vision:ffmpeg_stream,,,CONNECTED,0,pitch,12,1,1,0,0,0,0,0,0,0,0,0,0,125,249,1,0,0,0,0,0,0,0,527,1457,495,300,4,4,0,0,0,battery?,80,OK,40,27892,27892
,gui,,CONTROL_PANEL,85233,89,3,2,1,275.667,0,727,takeoff,,TIMEOUT,manual,Timeout waiting for response,attempt=1|send=OK|raw=|result=TIMEOUT,815,815,0,0,0,10.0506,11.1557,85,99,338,338,225,2,0,0,OK,100,1,80,87,179.62,0,70,72,75,2048,9204560,0,0,0,32.5861,16,31,-1,0,0,0,0,0,0,OK,100,2048,9204560,2015,0,0,0,0,0,0,0,0,0,0,2015,5,32.5861,960,720,0,0,1,0,OK,0,,0,vision:ffmpeg_stream,,,CONNECTED,0,pitch,10,1,1,0,0,0,0,0,0,0,0,0,0,125,249,1,0,0,0,0,0,0,0,535,1480,503,300,4,4,0,0,0,battery?,80,OK,40,28893,28893
,gui,,CONTROL_PANEL,86357,90,3,2,1,275.667,0,727,takeoff,,TIMEOUT,manual,Timeout waiting for response,attempt=1|send=OK|raw=|result=TIMEOUT,827,827,0,0,0,10.156,10.1319,14,98,338,338,225,2,0,0,OK,100,1,80,86,179.76,0,70,72,75,2083,9350321,0,0,0,32.9163,3,35,-1,0,0,0,0,0,0,OK,100,2083,9350321,2050,0,0,0,0,0,0,0,0,0,0,2050,5,32.9163,960,720,0,0,1,0,OK,0,,0,vision:ffmpeg_stream,,,CONNECTED,0,pitch,12,1,1,0,0,20,0,0,0,0,0,0,0,124,249,1,0,0,0,0,0,0,0,544,1506,512,300,4,4,0,0,0,battery?,80,OK,40,30017,30017
,gui,,CONTROL_PANEL,87357,91,3,2,1,275.667,0,727,takeoff,,TIMEOUT,manual,Timeout waiting for response,attempt=1|send=OK|raw=|result=TIMEOUT,837,837,0,0,0,10.0569,10.063,20,99,338,338,225,2,0,0,OK,100,1,90,93,179.73,-1,70,73,75,2113,9475406,0,0,0,31.0262,28,30,-1,0,0,0,0,0,0,OK,100,2113,9475406,2080,0,0,0,0,0,0,0,0,0,0,2080,5,31.0262,960,720,0,0,1,0,OK,0,,0,vision:ffmpeg_stream,,,CONNECTED,0,pitch,10,1,1,0,0,20,0,0,0,0,0,0,0,124,249,1,0,0,0,0,0,0,0,552,1528,520,300,4,4,0,0,0,battery?,80,OK,40,31017,31017
,gui,,CONTROL_PANEL,88483,92,3,2,1,275.667,0,727,takeoff,,TIMEOUT,manual,Timeout waiting for response,attempt=1|send=OK|raw=|result=TIMEOUT,848,848,0,0,0,9.94626,11.5724,95,100,338,338,225,2,0,0,OK,100,1,90,100,179.34,0,70,74,75,2148,9621262,0,0,0,33.4442,8,35,-1,0,0,0,0,0,0,OK,100,2148,9621262,2115,0,0,0,0,0,0,0,0,0,0,2115,5,33.4442,960,720,0,0,1,0,OK,0,,0,vision:ffmpeg_stream,,,CONNECTED,0,pitch,11,1,1,0,0,0,0,0,0,0,0,0,0,125,249,1,0,0,0,0,0,0,0,561,1554,529,300,4,4,0,0,0,battery?,80,OK,40,32143,32143
,gui,,CONTROL_PANEL,89607,93,3,2,1,275.667,0,727,takeoff,,TIMEOUT,manual,Timeout waiting for response,attempt=1|send=OK|raw=|result=TIMEOUT,860,860,0,0,0,9.95452,10.3467,14,100,338,338,225,2,0,0,OK,100,1,90,93,179.73,0,70,72,75,2182,9762819,0,0,0,30.5082,17,34,-1,0,0,0,0,0,0,OK,100,2182,9762819,2149,0,0,0,0,0,0,0,0,0,0,2149,5,30.5082,960,720,0,0,1,0,OK,0,,0,vision:ffmpeg_stream,,,CONNECTED,0,pitch,12,1,1,0,0,0,0,0,0,0,0,0,0,125,249,2,0,0,1,0,0,0,0,570,1579,538,300,4,4,0,0,0,battery?,80,OK,40,33267,33267
,gui,,CONTROL_PANEL,90608,94,3,2,1,275.667,0,727,takeoff,,TIMEOUT,manual,Timeout waiting for response,attempt=1|send=OK|raw=|result=TIMEOUT,870,870,0,0,0,9.97563,10.0036,10,100,338,338,225,2,0,0,OK,100,1,90,98,179.56,0,70,73,75,2213,9892121,0,0,0,37.9902,19,31,-1,0,0,0,0,0,0,OK,100,2213,9892121,2180,0,0,0,0,0,0,0,0,0,0,2180,5,37.9902,960,720,0,0,1,0,OK,0,,0,vision:ffmpeg_stream,,,CONNECTED,0,pitch,10,1,1,0,0,0,0,0,0,0,0,0,0,125,250,2,0,0,1,0,0,0,0,579,1601,546,300,4,4,0,0,0,battery?,80,OK,40,34268,34268
,gui,,CONTROL_PANEL,91732,95,3,2,1,275.667,0,727,takeoff,,TIMEOUT,manual,Timeout waiting for response,attempt=1|send=OK|raw=|result=TIMEOUT,881,881,0,0,0,9.95359,9.9653,30,100,338,338,225,2,0,0,OK,100,1,90,101,179.53,0,70,73,77,2247,10034207,0,0,0,31.9967,8,34,-1,0,0,0,0,0,0,OK,100,2247,10034207,2214,0,0,0,0,0,0,0,0,0,0,2214,5,31.9967,960,720,0,0,1,0,OK,0,,0,vision:ffmpeg_stream,,,CONNECTED,0,pitch,11,1,1,0,0,0,0,0,0,0,0,0,0,125,250,2,0,0,1,0,0,0,0,588,1626,555,300,4,4,0,0,0,battery?,80,OK,40,35392,35392
,gui,,CONTROL_PANEL,92733,96,3,2,1,275.667,0,727,takeoff,,TIMEOUT,manual,Timeout waiting for response,attempt=1|send=OK|raw=|result=TIMEOUT,891,891,0,0,0,9.94596,11.5752,76,100,338,338,225,2,0,0,OK,100,1,100,101,179.45,0,69,73,76,2277,10158961,0,0,0,33.2713,23,30,-1,0,0,0,0,0,0,OK,100,2277,10158961,2244,0,0,0,0,0,0,0,0,0,0,2244,5,33.2713,960,720,0,0,1,0,OK,0,,0,vision:ffmpeg_stream,,,CONNECTED,0,pitch,10,1,1,0,0,0,0,0,0,0,0,0,0,125,250,2,0,0,1,0,0,0,0,596,1648,563,300,4,4,0,0,0,battery?,80,OK,40,36392,36392
,gui,,CONTROL_PANEL,93858,97,3,2,1,275.667,0,727,takeoff,,TIMEOUT,manual,Timeout waiting for response,attempt=1|send=OK|raw=|result=TIMEOUT,902,902,0,0,0,10.036,10.105,97,99,338,338,225,2,0,0,OK,100,1,90,94,179.34,0,69,73,76,2312,10304821,0,0,0,31.4704,34,35,-1,0,0,0,0,0,0,OK,100,2312,10304821,2278,0,0,0,0,0,0,0,0,0,0,2278,5,31.4704,960,720,0,0,1,0,OK,0,,0,vision:ffmpeg_stream,,,CONNECTED,0,pitch,11,1,1,0,0,0,0,0,0,0,0,0,0,125,249,1,0,0,0,0,0,0,0,606,1672,572,300,4,4,0,0,0,battery?,80,OK,40,37517,37517
,gui,,CONTROL_PANEL,94858,98,3,2,1,275.667,0,727,takeoff,,TIMEOUT,manual,Timeout waiting for response,attempt=1|send=OK|raw=|result=TIMEOUT,912,912,0,0,0,10.0942,10.0075,93,99,338,338,225,2,0,0,OK,100,1,90,101,179.6,0,69,73,76,2342,10429838,0,0,0,32.5952,15,30,-1,0,0,0,0,0,0,OK,100,2342,10429838,2309,0,0,0,0,0,0,0,0,0,0,2309,5,32.5952,960,720,0,0,1,0,OK,0,,0,vision:ffmpeg_stream,,,CONNECTED,0,pitch,10,1,1,0,0,0,0,0,0,0,0,0,0,125,250,1,0,0,0,0,0,0,0,614,1695,580,300,4,4,0,0,0,battery?,80,OK,40,38518,38518
,gui,,CONTROL_PANEL,95982,99,3,2,1,275.667,0,727,takeoff,,TIMEOUT,manual,Timeout waiting for response,attempt=1|send=OK|raw=|result=TIMEOUT,924,924,0,0,0,10.5087,10.1235,21,95,338,338,225,2,0,0,OK,100,1,100,104,179.4,0,69,74,77,2377,10575659,0,0,0,32.1081,4,35,-1,0,0,0,0,0,0,OK,100,2377,10575659,2344,0,0,0,0,0,0,0,0,0,0,2344,5,32.1081,960,720,0,0,1,0,OK,0,,0,vision:ffmpeg_stream,,,CONNECTED,0,pitch,12,1,1,0,0,0,0,0,0,0,0,0,0,124,250,1,0,0,0,0,0,0,0,623,1721,589,300,4,4,0,0,0,battery?,80,OK,40,39642,39642
,gui,,CONTROL_PANEL,96983,100,3,2,1,275.667,0,727,takeoff,,TIMEOUT,manual,Timeout waiting for response,attempt=1|send=OK|raw=|result=TIMEOUT,935,935,0,0,0,10.5183,10.7063,22,95,338,338,225,2,0,0,OK,100,1,100,106,179.42,0,69,73,76,2409,10709022,0,0,0,32.3552,7,32,-1,0,0,0,0,0,0,OK,100,2409,10709022,2376,0,0,0,0,0,0,0,0,0,0,2376,5,32.3552,960,720,0,0,1,0,OK,0,,0,vision:ffmpeg_stream,,,CONNECTED,0,pitch,11,1,1,0,0,0,0,0,0,0,0,0,0,124,249,1,0,0,0,0,0,0,0,631,1745,597,300,4,4,0,0,0,battery?,80,OK,40,40642,40642
,gui,,CONTROL_PANEL,98108,101,3,2,1,275.667,0,727,takeoff,,TIMEOUT,manual,Timeout waiting for response,attempt=1|send=OK|raw=|result=TIMEOUT,947,947,0,0,0,10.5074,10.5177,4,95,338,338,225,2,0,0,OK,100,1,90,99,179.44,1,69,74,76,2445,10858981,0,0,0,33.5587,14,36,-1,0,0,0,0,0,0,OK,100,2445,10858981,2412,0,0,0,0,0,0,0,0,0,0,2412,5,33.5587,960,720,0,0,1,0,OK,0,,0,vision:ffmpeg_stream,,,CONNECTED,0,pitch,12,1,1,0,0,0,0,0,0,0,0,0,0,125,250,1,0,0,0,0,0,0,0,640,1772,606,300,4,4,0,0,0,battery?,80,OK,40,41768,41768
,gui,,CONTROL_PANEL,99233,102,3,2,1,275.667,0,727,takeoff,,TIMEOUT,manual,Timeout waiting for response,attempt=1|send=OK|raw=|result=TIMEOUT,958,958,0,0,0,10.4791,10.5035,82,95,338,338,225,2,0,0,OK,100,1,90,99,179.34,0,69,74,76,2481,11009075,0,0,0,32.6786,19,36,-1,0,0,0,0,0,0,OK,100,2481,11009075,2448,0,0,0,0,0,0,0,0,0,0,2448,5,32.6786,960,720,0,0,1,0,OK,0,,0,vision:ffmpeg_stream,,,CONNECTED,0,pitch,11,1,1,0,0,0,0,0,0,0,0,0,0,125,249,1,0,0,0,0,0,0,0,649,1799,615,300,4,4,0,0,0,battery?,80,OK,40,42892,42892
,gui,,CONTROL_PANEL,100357,103,3,2,1,275.667,0,727,takeoff,,TIMEOUT,manual,Timeout waiting for response,attempt=1|send=OK|raw=|result=TIMEOUT,971,971,0,0,0,10.7023,10.872,15,93,338,338,225,2,0,0,OK,100,1,100,102,179.38,0,69,75,76,2517,11159109,0,0,0,34.0845,26,36,-1,0,0,0,0,0,0,OK,100,2517,11159109,2484,0,0,0,0,0,0,0,0,0,0,2484,5,34.0845,960,720,0,0,1,0,OK,0,,0,vision:ffmpeg_stream,,,CONNECTED,0,pitch,13,1,1,0,0,0,0,0,0,0,0,0,0,125,250,1,0,0,0,0,0,0,0,658,1826,624,300,4,4,0,0,0,battery?,80,OK,40,44017,44017
,gui,,CONTROL_PANEL,101358,104,3,2,1,275.667,0,727,takeoff,,TIMEOUT,manual,Timeout waiting for response,attempt=1|send=OK|raw=|result=TIMEOUT,981,981,0,0,0,10.0876,10.1692,29,99,338,338,225,2,0,0,OK,100,1,90,100,179.84,0,69,74,76,2548,11288165,0,0,0,30.714,7,31,-1,0,0,0,0,0,0,OK,100,2548,11288165,2515,0,0,0,0,0,0,0,0,0,0,2515,5,30.714,960,720,0,0,1,0,OK,0,,0,vision:ffmpeg_stream,,,CONNECTED,0,pitch,10,1,1,0,0,-20,0,0,0,0,0,0,0,125,250,1,0,0,0,0,0,0,0,666,1849,632,300,4,4,0,0,0,battery?,80,OK,40,45017,45017
,gui,,CONTROL_PANEL,102482,105,3,2,1,275.667,0,727,takeoff,,TIMEOUT,manual,Timeout waiting for response,attempt=1|send=OK|raw=|result=TIMEOUT,992,992,0,0,0,9.95164,10.0411,57,100,338,338,225,2,0,0,OK,100,1,80,90,179.64,0,69,75,77,2583,11434058,0,0,0,30.7988,7,35,-1,0,0,0,0,0,0,OK,100,2583,11434058,2550,0,0,0,0,0,0,0,0,0,0,2550,5,30.7988,960,720,0,0,1,0,OK,0,,0,vision:ffmpeg_stream,,,CONNECTED,0,pitch,11,1,1,0,0,-20,0,0,0,0,0,0,0,124,250,1,0,0,0,0,0,0,0,675,1875,641,300,4,4,0,0,0,battery?,80,OK,40,46142,46142
,gui,,CONTROL_PANEL,103482,106,3,2,1,275.667,0,727,takeoff,,TIMEOUT,manual,Timeout waiting for response,attempt=1|send=OK|raw=|result=TIMEOUT,1002,1002,0,0,0,10.057,10.0511,64,99,338,338,225,2,0,0,OK,100,1,80,83,179.45,0,69,74,77,2614,11563192,0,0,0,31.7031,3,31,-1,0,0,0,0,0,0,OK,100,2614,11563192,2581,0,0,0,0,0,0,0,0,0,0,2581,5,31.7031,960,720,0,0,1,0,OK,0,,0,vision:ffmpeg_stream,,,CONNECTED,0,pitch,10,1,1,0,0,-20,0,0,0,0,0,0,0,124,250,1,0,0,0,0,0,0,0,683,1898,649,300,4,4,0,0,0,battery?,80,OK,40,47142,47142
,gui,,CONTROL_PANEL,104608,107,3,2,1,275.667,0,727,takeoff,,TIMEOUT,manual,Timeout waiting for response,attempt=1|send=OK|raw=|result=TIMEOUT,1014,1014,0,0,0,10.0821,10.3358,45,99,338,338,225,2,0,0,OK,100,1,70,80,179.35,0,69,73,77,2648,11705011,0,0,0,31.0201,22,34,-1,0,0,0,0,0,0,OK,100,2648,11705011,2615,0,0,0,0,0,0,0,0,0,0,2615,5,31.0201,960,720,0,0,1,0,OK,0,,0,vision:ffmpeg_stream,,,CONNECTED,0,pitch,12,1,1,0,0,0,0,0,0,0,0,0,0,125,250,1,0,0,0,0,0,0,0,692,1923,657,300,4,4,0,0,0,battery?,80,OK,40,48267,48267
,gui,,CONTROL_PANEL,105732,108,3,2,1,275.667,0,727,takeoff,,TIMEOUT,manual,Timeout waiting for response,attempt=1|send=OK|raw=|result=TIMEOUT,1025,1025,0,0,0,10.0464,10.0998,77,99,338,338,225,2,0,0,OK,100,1,70,79,179.18,0,69,73,77,2683,11850735,0,0,0,35.1408,11,35,-1,0,0,0,0,0,0,OK,100,2683,11850735,2650,0,0,0,0,0,0,0,0,0,0,2650,5,35.1408,960,720,0,0,1,0,OK,0,,0,vision:ffmpeg_stream,,,CONNECTED,0,pitch,11,1,1,0,0,0,0,0,0,0,0,0,0,124,250,1,0,0,0,0,0,0,0,701,1949,666,300,4,4,0,0,0,battery?,80,OK,40,49392,49392
,gui,,CONTROL_PANEL,106857,109,3,2,1,275.667,0,727,takeoff,,TIMEOUT,manual,Timeout waiting for response,attempt=1|send=OK|raw=|result=TIMEOUT,1037,1037,0,0,0,10.1126,10.0711,10,98,338,338,225,2,0,0,OK,100,1,70,80,179.36,0,69,75,76,2718,11996649,0,0,0,30.6782,29,35,-1,0,0,0,0,0,0,OK,100,2718,11996649,2684,0,0,0,0,0,0,0,0,0,0,2684,5,30.6782,960,720,0,0,1,0,OK,0,,0,vision:ffmpeg_stream,,,CONNECTED,0,pitch,12,1,1,0,0,0,0,0,0,0,0,0,0,125,250,1,0,0,0,0,0,0,0,710,1974,675,300,4,4,0,0,0,battery?,80,OK,40,50517,50517
,gui,,CONTROL_PANEL,107982,110,3,2,1,275.667,0,727,takeoff,,TIMEOUT,manual,Timeout waiting for response,attempt=1|send=OK|raw=|result=TIMEOUT,1048,1048,0,0,0,10.0606,10.9614,92,99,338,338,225,2,0,0,OK,100,1,80,91,179.56,-1,69,75,76,2753,12142511,0,0,0,40.9966,7,35,-1,0,0,0,0,0,0,OK,100,2753,12142511,2720,0,0,0,0,0,0,0,0,0,0,2720,5,40.9966,960,720,0,0,1,0,OK,0,,0,vision:ffmpeg_stream,,,CONNECTED,0,pitch,11,1,1,0,0,20,0,0,0,0,0,0,0,125,250,1,0,0,0,0,0,0,0,719,2001,684,300,4,4,0,0,0,battery?,80,OK,40,51642,51642
,gui,,CONTROL_PANEL,108983,111,3,2,1,275.667,0,727,takeoff,,TIMEOUT,manual,Timeout waiting for response,attempt=1|send=OK|raw=|result=TIMEOUT,1058,1058,0,0,0,10.0647,10.1601,98,99,338,338,225,2,0,0,OK,100,1,90,101,179.92,0,69,74,76,2783,12267549,0,0,0,40.348,34,30,-1,0,0,0,0,0,0,OK,100,2783,12267549,2750,0,0,0,0,0,0,0,0,0,0,2750,5,40.348,960,720,0,0,1,0,OK,0,,0,vision:ffmpeg_stream,,,CONNECTED,0,pitch,10,1,1,0,0,20,0,0,0,0,0,0,0,125,250,1,0,0,0,0,0,0,0,727,2023,692,300,4,4,0,0,0,battery?,80,OK,40,52643,52643
,gui,,CONTROL_PANEL,110108,112,3,2,1,275.667,0,727,takeoff,,TIMEOUT,manual,Timeout waiting for response,attempt=1|send=OK|raw=|result=TIMEOUT,1070,1070,0,0,0,10.059,10.0812,31,99,338,338,225,2,0,0,OK,100,1,100,105,179.54,0,69,75,77,2818,12413756,0,0,0,33.341,5,35,-1,0,0,0,0,0,0,OK,100,2818,12413756,2785,0,0,0,0,0,0,0,0,0,0,2785,5,33.341,960,720,0,0,1,0,OK,0,,0,vision:ffmpeg_stream,,,CONNECTED,0,pitch,12,1,1,0,0,20,0,0,0,0,0,0,0,124,250,1,0,0,1,0,0,0,0,736,2049,701,300,4,4,0,0,0,battery?,80,OK,40,53767,53767
,gui,,CONTROL_PANEL,111232,113,3,2,1,275.667,0,727,takeoff,,TIMEOUT,manual,Timeout waiting for response,attempt=1|send=OK|raw=|result=TIMEOUT,1081,1081,0,0,0,10.0697,10.6706,62,99,338,338,225,2,0,0,OK,100,1,110,115,179.76,0,69,74,78,2852,12555260,0,0,0,33.4221,22,34,-1,0,0,0,0,0,0,OK,100,2852,12555260,2819,0,0,0,0,0,0,0,0,0,0,2819,5,33.4221,960,720,0,0,1,0,OK,0,,0,vision:ffmpeg_stream,,,CONNECTED,0,pitch,11,1,1,0,0,0,0,0,0,0,0,0,0,125,250,2,0,0,1,0,0,0,0,745,2074,710,300,4,4,0,0,0,battery?,80,OK,40,54892,54892
,gui,,CONTROL_PANEL,112233,114,3,2,1,275.667,0,727,takeoff,,TIMEOUT,manual,Timeout waiting for response,attempt=1|send=OK|raw=|result=TIMEOUT,1092,1092,0,0,0,10.1888,10.4569,18,98,338,338,225,2,0,0,OK,100,1,110,113,179.72,0,69,75,78,2883,12684618,0,0,0,31.3428,17,31,-1,0,0,0,0,0,0,OK,100,2883,12684618,2850,0,0,0,0,0,0,0,0,0,0,2850,5,31.3428,960,720,0,0,1,0,OK,0,,0,vision:ffmpeg_stream,,,CONNECTED,0,pitch,11,1,1,0,0,-20,0,0,0,0,0,0,0,125,249,1,0,0,0,0,0,0,0,753,2097,718,300,4,4,0,0,0,battery?,80,OK,40,55892,55892
,gui,,CONTROL_PANEL,113358,115,3,2,1,275.667,0,727,takeoff,,TIMEOUT,manual,Timeout waiting for response,attempt=1|send=OK|raw=|result=TIMEOUT,1103,1103,0,0,0,10.0252,10.0683,46,99,338,338,225,2,0,0,OK,100,1,100,107,179.91,0,69,75,77,2918,12830332,0,0,0,30.8741,2,35,-1,0,0,0,0,0,0,OK,100,2918,12830332,2885,0,0,0,0,0,0,0,0,0,0,2885,5,30.8741,960,720,0,0,1,0,OK,0,,0,vision:ffmpeg_stream,,,CONNECTED,0,pitch,11,1,1,0,0,20,0,0,0,0,0,0,0,125,249,1,0,0,0,0,0,0,0,762,2123,727,300,4,4,0,0,0,battery?,80,OK,40,57018,57018
,gui,,CONTROL_PANEL,114482,116,3,2,1,275.667,0,727,takeoff,,TIMEOUT,manual,Timeout waiting for response,attempt=1|send=OK|raw=|result=TIMEOUT,1114,1114,0,0,0,10.0434,10.0732,77,99,338,338,225,2,0,0,OK,100,1,100,109,180.03,0,69,75,77,2952,12972069,0,0,0,31.0397,21,34,-1,0,0,0,0,0,0,OK,100,2952,12972069,2919,0,0,0,0,0,0,0,0,0,0,2919,5,31.0397,960,720,0,0,1,0,OK,0,,0,vision:ffmpeg_stream,,,CONNECTED,0,pitch,11,1,1,0,0,20,0,0,0,0,0,0,0,124,250,1,0,0,0,0,0,0,0,771,2148,736,300,4,4,0,0,0,battery?,80,OK,40,58142,58142
,gui,,CONTROL_PANEL,115482,117,3,2,1,275.667,0,727,takeoff,,TIMEOUT,manual,Timeout waiting for response,attempt=1|send=OK|raw=|result=TIMEOUT,1125,1125,0,0,0,10.1777,10.6878,31,98,338,338,225,2,0,0,OK,100,1,110,112,179.54,0,69,75,77,2983,13100528,0,0,0,32.7025,14,31,-1,0,0,0,0,0,0,OK,100,2983,13100528,2950,0,0,0,0,0,0,0,0,0,0,2950,5,32.7025,960,720,0,0,1,0,OK,0,,0,vision:ffmpeg_stream,,,CONNECTED,0,pitch,11,1,1,0,0,-20,0,0,0,0,0,0,0,124,250,1,0,0,0,0,0,0,0,779,2171,744,300,4,4,0,0,0,battery?,80,OK,40,59142,59142
,gui,,CONTROL_PANEL,116483,118,3,2,1,275.667,0,727,takeoff,,TIMEOUT,manual,Timeout waiting for response,attempt=1|send=OK|raw=|result=TIMEOUT,1135,1135,0,0,0,10.0053,10.1099,36,99,338,338,225,2,0,0,OK,100,1,100,107,179.63,0,69,75,77,3014,13230383,0,0,0,31.192,6,31,-1,0,0,0,0,0,0,OK,100,3014,13230383,2981,0,0,0,0,0,0,0,0,0,0,2981,5,31.192,960,720,0,0,1,0,OK,0,,0,vision:ffmpeg_stream,,,CONNECTED,0,pitch,10,1,1,0,0,20,0,0,0,0,0,0,0,125,249,1,0,0,0,0,0,0,0,787,2194,752,300,4,4,0,0,0,battery?,80,OK,40,60143,60143
,gui,,CONTROL_PANEL,117607,119,3,2,1,275.667,0,727,takeoff,,TIMEOUT,manual,Timeout waiting for response,attempt=1|send=OK|raw=|result=TIMEOUT,1146,1146,0,0,0,10.5535,10.0854,66,94,338,338,225,2,0,0,OK,100,1,110,111,180.02,-1,68,75,77,3048,13372131,0,0,0,30.7651,23,34,-1,0,0,0,0,0,0,OK,100,3048,13372131,3015,0,0,0,0,0,0,0,0,0,0,3015,5,30.7651,960,720,0,0,1,0,OK,0,,0,vision:ffmpeg_stream,,,CONNECTED,0,pitch,11,1,1,0,0,-20,0,0,0,0,0,0,0,124,250,1,0,0,0,0,0,0,0,796,2219,761,300,4,4,0,0,0,battery?,80,OK,40,61267,61267
,gui,,CONTROL_PANEL,118607,120,3,2,1,275.667,0,727,takeoff,,TIMEOUT,manual,Timeout waiting for response,attempt=1|send=OK|raw=|result=TIMEOUT,1157,1157,0,0,0,20.4304,12.1143,20,48,338,338,225,2,0,0,OK,100,1,100,109,179.67,0,68,75,78,3079,13501076,0,0,0,30.8342,15,31,-1,0,0,0,0,0,0,OK,100,3079,13501076,3046,0,0,0,0,0,0,0,0,0,0,3046,5,30.8342,960,720,0,0,1,0,OK,0,,0,vision:ffmpeg_stream,,,CONNECTED,0,pitch,11,1,1,0,0,-20,0,0,0,0,0,0,0,125,250,1,0,0,0,0,0,0,0,804,2242,769,300,4,4,0,0,0,battery?,80,OK,40,62267,62267
,gui,,CONTROL_PANEL,119733,121,3,2,1,275.667,0,727,takeoff,,TIMEOUT,manual,Timeout waiting for response,attempt=1|send=OK|raw=|result=TIMEOUT,1168,1168,0,0,0,10.0554,10.6651,50,99,338,338,225,2,0,0,OK,100,1,100,103,179.56,0,68,75,77,3114,13647467,0,0,0,34.8746,2,35,-1,0,0,0,0,0,0,OK,100,3114,13647467,3081,0,0,0,0,0,0,0,0,0,0,3081,5,34.8746,960,720,0,0,1,0,OK,0,,0,vision:ffmpeg_stream,,,CONNECTED,0,pitch,11,1,1,0,0,-20,0,0,0,0,0,0,0,125,250,1,0,0,0,0,0,0,0,813,2268,778,300,4,4,0,0,0,battery?,80,OK,40,63392,63392
,gui,,CONTROL_PANEL,120733,122,3,2,1,275.667,0,727,takeoff,,TIMEOUT,manual,Timeout waiting for response,attempt=1|send=OK|raw=|result=TIMEOUT,1178,1178,0,0,0,9.49554,9.87611,34,105,338,338,225,2,0,0,OK,100,1,90,94,179.43,0,68,76,77,3144,13772313,0,0,0,35.1758,10,30,-1,0,0,0,0,0,0,OK,100,3144,13772313,3111,0,0,0,0,0,0,0,0,0,0,3111,5,35.1758,960,720,0,0,1,0,OK,0,,0,vision:ffmpeg_stream,,,CONNECTED,0,pitch,10,1,1,0,0,20,0,0,0,0,0,0,0,126,249,1,0,0,0,0,0,0,0,822,2289,786,300,4,4,0,0,0,battery?,80,OK,40,64393,64393
,gui,,CONTROL_PANEL,121857,123,3,2,1,275.667,0,727,takeoff,,TIMEOUT,manual,Timeout waiting for response,attempt=1|send=OK|raw=|result=TIMEOUT,1189,1189,0,0,0,9.88114,9.85428,44,101,338,338,225,2,0,0,OK,100,1,90,101,179.59,0,68,75,77,3178,13913777,0,0,0,32.6141,4,34,-1,0,0,0,0,0,0,OK,100,3178,13913777,3145,0,0,0,0,0,0,0,0,0,0,3145,5,32.6141,960,720,0,0,1,0,OK,0,,0,vision:ffmpeg_stream,,,CONNECTED,0,pitch,11,1,1,0,0,-20,0,0,0,0,0,0,0,124,250,1,0,0,0,0,0,0,0,832,2313,795,300,4,4,0,0,0,battery?,80,OK,40,65517,65517
,gui,,CONTROL_PANEL,122983,124,3,2,1,275.667,0,727,takeoff,,TIMEOUT,manual,Timeout waiting for response,attempt=1|send=OK|raw=|result=TIMEOUT,1201,1201,0,0,0,19.654,12.397,1,50,338,338,225,2,0,0,OK,100,1,100,101,179.27,0,68,76,77,3212,14055458,0,0,0,30.6098,1,34,-1,0,0,0,0,0,0,OK,100,3212,14055458,3179,0,0,0,0,0,0,0,0,0,0,3179,5,30.6098,960,720,0,0,1,0,OK,0,,0,vision:ffmpeg_stream,,,CONNECTED,0,pitch,12,1,1,0,0,-20,0,0,0,0,0,0,0,125,249,1,0,0,0,0,0,0,0,842,2337,803,300,4,4,0,0,0,battery?,80,OK,40,66642,66642
,gui,,CONTROL_PANEL,123983,125,3,2,1,275.667,0,727,takeoff,,TIMEOUT,manual,Timeout waiting for response,attempt=1|send=OK|raw=|result=TIMEOUT,1210,1210,0,0,0,9.84511,10.1871,86,101,338,338,225,2,0,0,OK,100,1,90,93,179.37,0,68,76,78,3242,14180480,0,0,0,30.8806,4,30,-1,0,0,0,0,0,0,OK,100,3242,14180480,3209,0,0,0,0,0,0,0,0,0,0,3209,5,30.8806,960,720,0,0,1,0,OK,0,,0,vision:ffmpeg_stream,,,CONNECTED,0,pitch,9,1,1,0,0,20,0,0,0,0,0,0,0,125,249,1,0,0,0,0,0,0,0,850,2359,811,300,4,4,0,0,0,battery?,80,OK,40,67643,67643
,gui,,CONTROL_PANEL,125107,126,3,2,1,275.667,0,727,takeoff,,TIMEOUT,manual,Timeout waiting for response,attempt=1|send=OK|raw=|result=TIMEOUT,1221,1221,0,0,0,8.23703,9.70546,71,121,338,338,225,2,0,0,OK,100,1,100,102,179.46,0,68,76,78,3275,14318005,0,0,0,49.8381,32,33,-1,0,0,0,0,0,0,OK,100,3275,14318005,3242,0,0,0,0,0,0,0,0,0,0,3242,5,49.8381,960,720,0,0,1,0,OK,0,,0,vision:ffmpeg_stream,,,CONNECTED,0,pitch,11,1,1,0,0,-20,0,0,0,0,0,0,0,124,249,1,0,0,0,0,0,0,0,859,2383,819,300,4,4,0,0,0,battery?,80,OK,40,68767,68767
,gui,,CONTROL_PANEL,126232,127,3,2,1,275.667,0,727,takeoff,,TIMEOUT,manual,Timeout waiting for response,attempt=1|send=OK|raw=|result=TIMEOUT,1233,1233,0,0,0,10.3305,10.0656,18,96,338,338,225,2,0,0,OK,100,1,80,87,179.58,0,68,75,79,3310,14463447,0,0,0,30.8096,16,35,-1,0,0,0,0,0,0,OK,100,3310,14463447,3277,0,0,0,0,0,0,0,0,0,0,3277,5,30.8096,960,720,0,0,1,0,OK,0,,0,vision:ffmpeg_stream,,,CONNECTED,0,pitch,12,1,1,0,0,20,0,0,0,0,0,0,0,125,249,1,0,0,0,0,0,0,0,868,2409,827,300,4,4,0,0,0,battery?,80,OK,40,69892,69892
,gui,,CONTROL_PANEL,127232,128,3,2,1,275.667,0,727,takeoff,,TIMEOUT,manual,Timeout waiting for response,attempt=1|send=OK|raw=|result=TIMEOUT,1243,1243,0,0,0,10.0411,10.5276,24,99,338,338,225,2,0,0,OK,100,1,90,98,179.19,0,68,75,78,3341,14592990,0,0,0,30.8566,9,31,-1,0,0,0,0,0,0,OK,100,3341,14592990,3308,0,0,0,0,0,0,0,0,0,0,3308,5,30.8566,960,720,0,0,1,0,OK,0,,0,vision:ffmpeg_stream,,,CONNECTED,0,pitch,10,1,1,0,0,0,0,0,0,0,0,0,0,124,250,1,0,0,0,0,0,0,0,876,2432,835,300,4,4,0,0,0,battery?,80,OK,40,70892,70892
,gui,,CONTROL_PANEL,128233,129,3,2,1,275.667,0,727,takeoff,,TIMEOUT,manual,Timeout waiting for response,attempt=1|send=OK|raw=|result=TIMEOUT,1253,1253,0,0,0,10.1716,10.4216,82,98,338,338,225,2,0,0,OK,100,1,90,98,179.46,0,68,75,77,3372,14722230,0,0,0,31.47,5,31,-1,0,0,0,0,0,0,OK,100,3372,14722230,3339,0,0,0,0,0,0,0,0,0,0,3339,5,31.47,960,720,0,0,1,0,OK,0,,0,vision:ffmpeg_stream,,,CONNECTED,0,pitch,10,1,1,0,0,0,0,0,0,0,0,0,0,124,249,1,0,0,0,0,0,0,0,884,2455,843,300,4,4,0,0,0,battery?,80,OK,40,71892,71892
,gui,,CONTROL_PANEL,129357,130,3,2,1,275.667,0,727,takeoff,,TIMEOUT,manual,Timeout waiting for response,attempt=1|send=OK|raw=|result=TIMEOUT,1265,1265,0,0,0,10.1604,10.1884,27,98,338,338,225,2,0,0,OK,100,1,90,98,178.97,0,68,76,78,3407,14868076,0,0,0,31.093,3,35,-1,0,0,0,0,0,0,OK,100,3407,14868076,3374,0,0,0,0,0,0,0,0,0,0,3374,5,31.093,960,720,0,0,1,0,OK,0,,0,vision:ffmpeg_stream,,,CONNECTED,0,pitch,12,1,1,0,0,0,0,0,0,0,0,0,0,124,249,1,0,0,0,0,0,0,0,893,2481,852,300,4,4,0,0,0,battery?,80,OK,40,73017,73017
,gui,,CONTROL_PANEL,130357,131,3,2,1,275.667,0,727,takeoff,,TIMEOUT,manual,Timeout waiting for response,attempt=1|send=OK|raw=|result=TIMEOUT,1275,1275,0,0,0,10.1321,10.1581,43,98,338,338,225,2,0,0,OK,100,1,90,100,179.44,0,68,75,78,3438,14997233,0,0,0,31.2148,8,31,-1,0,0,0,0,0,0,OK,100,3438,14997233,3405,0,0,0,0,0,0,0,0,0,0,3405,5,31.2148,960,720,0,0,1,0,OK,0,,0,vision:ffmpeg_stream,,,CONNECTED,0,pitch,10,1,1,0,0,0,0,0,0,0,0,0,0,125,249,1,0,0,0,0,0,0,0,901,2504,860,300,4,4,0,0,0,battery?,80,OK,40,74017,74017
,gui,,CONTROL_PANEL,131358,132,3,2,1,275.667,0,727,takeoff,,TIMEOUT,manual,Timeout waiting for response,attempt=1|send=OK|raw=|result=TIMEOUT,1286,1286,0,0,0,10.1714,10.8304,10,98,338,338,225,2,0,0,OK,100,1,90,100,178.94,0,68,75,78,3469,15126384,0,0,0,31.9964,15,31,-1,0,0,0,0,0,0,OK,100,3469,15126384,3436,0,0,0,0,0,0,0,0,0,0,3436,5,31.9964,960,720,0,0,1,0,OK,0,,0,vision:ffmpeg_stream,,,CONNECTED,0,pitch,11,1,1,0,0,0,0,0,0,0,0,0,0,125,250,1,0,0,0,0,0,0,0,909,2527,868,300,4,4,0,0,0,battery?,80,OK,40,75018,75018
,gui,,CONTROL_PANEL,132483,133,3,2,1,275.667,0,727,takeoff,,TIMEOUT,manual,Timeout waiting for response,attempt=1|send=OK|raw=|result=TIMEOUT,1297,1297,0,0,0,9.83816,10.1583,50,101,338,338,225,2,0,0,OK,100,1,100,105,179.4,0,68,75,78,3504,15273384,0,0,0,36.0932,16,35,-1,0,0,0,0,0,0,OK,100,3504,15273384,3471,0,0,0,0,0,0,0,0,0,0,3471,5,36.0932,960,720,0,0,1,0,OK,0,,0,vision:ffmpeg_stream,,,CONNECTED,0,pitch,11,1,1,0,0,0,0,0,0,0,0,0,0,125,250,1,0,0,0,0,0,0,0,918,2553,877,300,4,4,0,0,0,battery?,80,OK,40,76143,76143
,gui,,CONTROL_PANEL,133136,134,3,2,1,275.667,0,727,takeoff,,TIMEOUT,manual,Timeout waiting for response,attempt=1|send=OK|raw=|result=TIMEOUT,1304,1304,0,0,0,10.1669,10.1817,17,98,338,338,225,2,0,0,OK,100,1,100,104,179.01,0,68,76,79,3504,15273384,0,0,0,36.0932,16,35,-1,0,0,0,0,0,0,OK,100,3504,15273384,3471,0,0,0,0,0,0,0,0,0,0,3471,5,36.0932,960,720,0,0,1,0,OK,0,,0,log,2026-07-02T14:08:52.037,panel switched to Config,CONNECTED,0,pitch,7,1,1,0,0,0,0,0,0,0,0,0,0,124,249,1,0,0,0,0,0,0,0,923,2568,883,300,4,4,0,0,0,battery?,80,OK,40,76796,76796
,gui,,CONTROL_PANEL,133608,135,3,2,1,275.667,0,727,takeoff,,TIMEOUT,manual,Timeout waiting for response,attempt=1|send=OK|raw=|result=TIMEOUT,1308,1308,0,0,0,10.1778,10.176,95,98,338,338,225,2,0,0,OK,100,1,90,101,179.25,0,68,76,79,3539,15418110,0,0,0,32.1029,14,35,-1,0,0,0,0,0,0,OK,100,3539,15418110,3506,0,0,0,0,0,0,0,0,0,0,3506,5,32.1029,960,720,0,0,1,0,OK,0,,0,vision:ffmpeg_stream,,,CONNECTED,0,pitch,4,1,1,0,0,0,0,0,0,0,0,0,0,124,250,1,0,0,0,0,0,0,0,927,2579,886,300,4,4,0,0,0,battery?,80,OK,40,77267,77267
,gui,,CONTROL_PANEL,134732,136,3,2,1,275.667,0,727,takeoff,,TIMEOUT,manual,Timeout waiting for response,attempt=1|send=OK|raw=|result=TIMEOUT,1320,1320,0,0,0,10.6076,10.7316,39,94,338,338,225,2,0,0,OK,100,1,90,100,179.11,0,68,76,77,3574,15563993,0,0,0,44.3125,16,35,-1,0,0,0,0,0,0,OK,100,3574,15563993,3541,0,0,0,0,0,0,0,0,0,0,3541,5,44.3125,960,720,0,0,1,0,OK,0,,0,vision:ffmpeg_stream,,,CONNECTED,0,pitch,12,1,1,0,0,0,0,0,0,0,0,0,0,125,250,0,0,0,0,0,0,0,0,936,2605,895,300,4,4,0,0,0,battery?,80,OK,40,78392,78392
,gui,,CONTROL_PANEL,134984,137,3,2,1,275.667,0,727,takeoff,,TIMEOUT,manual,Timeout waiting for response,attempt=1|send=OK|raw=|result=TIMEOUT,1323,1323,0,0,0,10.1587,12.1358,44,98,338,338,225,2,0,0,OK,100,1,90,100,179.4,0,68,76,77,3574,15563993,0,0,0,44.3125,16,35,-1,0,0,0,0,0,0,OK,100,3574,15563993,3541,0,0,0,0,0,0,0,0,0,0,3541,5,44.3125,960,720,0,0,1,0,OK,0,,0,critical-command:begin:land,,,CONNECTED,0,pitch,3,1,1,0,0,0,0,0,0,1,0,0,0,124,249,1,0,0,0,0,0,0,0,938,2611,898,300,4,4,0,0,0,battery?,80,OK,40,78643,78643
,gui,,CONTROL_PANEL,134984,138,3,2,1,275.667,0,727,takeoff,,TIMEOUT,manual,Timeout waiting for response,attempt=1|send=OK|raw=|result=TIMEOUT,1323,1323,0,0,0,10.1587,12.1358,45,98,338,338,225,2,0,0,OK,100,1,90,100,179.4,0,68,76,77,3574,15563993,0,0,0,44.3125,16,35,-1,0,0,0,0,0,0,OK,100,3574,15563993,3541,0,0,0,0,0,0,0,0,0,0,3541,5,44.3125,960,720,0,0,1,0,OK,0,,0,log,2026-07-02T14:08:53.898,sdk keepalive remains running; cooperative loop skips ticks while command channel is busy,CONNECTED,0,pitch,0,1,1,0,0,0,0,0,0,1,0,0,0,124,249,1,0,0,0,0,0,0,0,938,2611,898,300,4,4,0,0,0,battery?,80,OK,40,78644,78644
,gui,,CONTROL_PANEL,134988,139,3,2,1,275.667,0,727,takeoff,,TIMEOUT,manual,Timeout waiting for response,attempt=1|send=OK|raw=|result=TIMEOUT,1323,1323,0,0,0,10.1587,12.1358,49,98,338,338,225,2,0,0,OK,100,1,90,100,179.4,0,68,76,77,3574,15563993,0,0,0,44.3125,16,35,-1,0,0,0,0,0,0,OK,100,3574,15563993,3541,0,0,0,0,0,0,0,0,0,0,3541,5,44.3125,960,720,0,0,1,0,OK,0,,0,log,2026-07-02T14:08:53.902,rc stream neutralized no-wait (land) => OK,CONNECTED,0,pitch,0,1,0,0,0,0,0,0,0,1,0,0,0,124,249,1,0,0,0,0,0,0,0,938,2611,898,300,4,4,0,0,0,battery?,80,OK,40,78648,78648
,gui,,CONTROL_PANEL,134988,140,4,3,1,206.75,0,727,rc 0 0 0 0,no_wait,OK,preflight,,no_wait|send=OK,1323,1323,0,0,0,10.1587,12.1358,49,98,338,338,225,2,0,0,OK,100,1,90,100,179.4,0,68,76,77,3574,15563993,0,0,0,44.3125,16,35,-1,0,0,0,0,0,0,OK,100,3574,15563993,3541,0,0,0,0,0,0,0,0,0,0,3541,5,44.3125,960,720,0,0,1,0,OK,0,,0,command:preflight,,,CONNECTED,0,pitch,0,1,0,0,0,0,0,0,0,1,0,0,0,124,249,1,0,0,0,0,0,0,0,938,2611,898,300,4,4,0,0,0,battery?,80,OK,40,78648,78648
,gui,,CONTROL_PANEL,135692,141,4,3,1,206.75,0,727,rc 0 0 0 0,no_wait,OK,preflight,,no_wait|send=OK,1330,1330,0,0,0,10.173,10.592,65,98,338,338,225,2,0,0,OK,100,1,90,100,179.24,0,68,75,77,3574,15563993,0,0,0,44.3125,16,35,-1,0,0,0,0,0,0,OK,100,3574,15563993,3541,0,0,0,0,0,0,0,0,0,0,3541,5,44.3125,960,720,0,0,1,0,OK,0,,0,log,2026-07-02T14:08:54.606,sdk keepalive restart (vision) => OK,CONNECTED,0,pitch,7,1,0,0,0,0,0,1,0,1,0,0,701,708,759,1,0,0,0,0,0,0,0,943,2628,898,300,0,0,0,0,0,battery?,,ERROR,0,-1,-1
,gui,,CONTROL_PANEL,135693,142,4,3,1,206.75,0,727,rc 0 0 0 0,no_wait,OK,preflight,,no_wait|send=OK,1330,1330,0,0,0,10.173,10.592,66,98,338,338,225,2,0,0,OK,100,1,90,100,179.24,0,68,75,77,3574,15563993,0,0,0,44.3125,16,35,-1,0,0,0,0,0,0,OK,100,3574,15563993,3541,0,0,0,0,0,0,0,0,0,0,3541,5,44.3125,960,720,0,0,1,0,OK,0,,0,log,2026-07-02T14:08:54.605,land => TIMEOUT | state=CONNECTED,CONNECTED,0,pitch,0,1,0,0,0,0,0,1,0,1,0,0,701,708,759,1,0,0,0,0,0,0,0,943,2628,899,300,0,0,0,0,0,battery?,,ERROR,0,-1,-1
,gui,,CONTROL_PANEL,135693,143,5,3,2,305.6,0,727,land,,TIMEOUT,manual,Timeout waiting for response,attempt=1|send=OK|raw=|result=TIMEOUT,1330,1330,0,0,0,10.173,10.592,66,98,338,338,225,2,0,0,OK,100,1,90,100,179.24,0,68,75,77,3574,15563993,0,0,0,44.3125,16,35,-1,0,0,0,0,0,0,OK,100,3574,15563993,3541,0,0,0,0,0,0,0,0,0,0,3541,5,44.3125,960,720,0,0,1,0,OK,0,,0,command:manual,,,CONNECTED,0,pitch,0,1,0,0,0,0,0,1,0,1,0,0,701,708,759,1,0,0,0,0,0,0,0,943,2628,899,300,0,0,0,0,0,battery?,,ERROR,0,-1,-1
,gui,,CONTROL_PANEL,135693,144,5,3,2,305.6,0,727,land,,TIMEOUT,manual,Timeout waiting for response,attempt=1|send=OK|raw=|result=TIMEOUT,1330,1330,0,0,0,10.173,10.592,66,98,338,338,225,2,0,0,OK,100,1,90,100,179.24,0,68,75,77,3574,15563993,0,0,0,44.3125,16,35,-1,0,0,0,0,0,0,OK,100,3574,15563993,3541,0,0,0,0,0,0,0,0,0,0,3541,5,44.3125,960,720,0,0,1,0,OK,0,,0,critical-command:end:land,,,CONNECTED,0,pitch,0,1,0,0,0,0,0,1,0,1,0,0,701,708,759,1,0,0,0,0,0,0,0,943,2628,899,300,0,0,0,0,0,battery?,,ERROR,0,-1,-1
,gui,,CONTROL_PANEL,135807,145,5,3,2,305.6,0,727,land,,TIMEOUT,manual,Timeout waiting for response,attempt=1|send=OK|raw=|result=TIMEOUT,1331,1331,0,0,0,10.1675,10.5071,82,98,338,338,225,2,0,0,OK,100,1,90,98,179.25,1,68,75,77,3607,15701492,0,0,0,31.8756,30,33,-1,0,0,0,0,0,0,OK,100,3607,15701492,3574,0,0,0,0,0,0,0,0,0,0,3574,5,31.8756,960,720,0,0,1,0,OK,0,,0,vision:ffmpeg_stream,,,CONNECTED,0,pitch,1,1,0,0,0,0,0,1,0,0,0,0,0,116,759,1,0,0,0,0,0,0,0,944,2630,899,300,0,0,0,0,0,battery?,,ERROR,0,-1,-1
,gui,,CONTROL_PANEL,136932,146,5,3,2,305.6,0,727,land,,TIMEOUT,manual,Timeout waiting for response,attempt=1|send=OK|raw=|result=TIMEOUT,1343,1343,0,0,0,10.3305,10.3404,43,96,338,338,225,2,0,0,OK,100,1,40,42,178.46,5,68,76,78,3643,15851696,0,0,0,31.875,13,36,-1,0,0,0,0,0,0,OK,100,3643,15851696,3610,0,0,0,0,0,0,0,0,0,0,3610,5,31.875,960,720,0,0,1,0,OK,0,,0,vision:ffmpeg_stream,,,CONNECTED,0,pitch,12,1,0,0,0,0,0,1,0,0,0,0,0,125,249,1,0,0,0,0,0,0,0,953,2657,908,300,0,0,0,0,0,battery?,,ERROR,0,-1,-1
,gui,,CONTROL_PANEL,138057,147,5,3,2,305.6,0,727,land,,TIMEOUT,manual,Timeout waiting for response,attempt=1|send=OK|raw=|result=TIMEOUT,1355,1355,0,0,0,10.4292,10.366,6,95,338,338,225,2,0,0,OK,100,1,0,10,177.29,0,68,75,78,3679,16001745,0,0,0,32.3483,2,36,-1,0,0,0,0,0,0,OK,100,3679,16001745,3646,0,0,0,0,0,0,0,0,0,0,3646,5,32.3483,960,720,0,0,1,0,OK,0,,0,vision:ffmpeg_stream,,,CONNECTED,0,pitch,12,1,0,0,0,0,0,1,0,0,0,0,0,124,249,0,0,0,0,0,0,0,0,962,2684,917,300,0,0,0,0,0,battery?,,ERROR,0,-1,-1
,gui,,CONTROL_PANEL,139057,148,5,3,2,305.6,0,727,land,,TIMEOUT,manual,Timeout waiting for response,attempt=1|send=OK|raw=|result=TIMEOUT,1365,1365,0,0,0,10.3295,11.2731,86,96,338,338,225,2,0,0,OK,100,1,0,10,178.17,0,68,76,78,3710,16130815,0,0,0,33.8355,20,31,-1,0,0,0,0,0,0,OK,100,3710,16130815,3677,0,0,0,0,0,0,0,0,0,0,3677,5,33.8355,960,720,0,0,1,0,OK,0,,0,vision:ffmpeg_stream,,,CONNECTED,0,pitch,10,1,0,0,0,0,0,1,0,0,0,0,0,124,250,0,0,0,0,0,0,0,0,970,2707,925,300,0,0,0,0,0,battery?,,ERROR,0,-1,-1
,gui,,CONTROL_PANEL,140058,149,5,3,2,305.6,0,727,land,,TIMEOUT,manual,Timeout waiting for response,attempt=1|send=OK|raw=|result=TIMEOUT,1376,1376,0,0,0,10.368,10.4131,22,96,338,338,225,2,0,0,OK,100,1,0,10,178.09,0,68,76,77,3742,16264213,0,0,0,32.0586,7,32,-1,0,0,0,0,0,0,OK,100,3742,16264213,3709,0,0,0,0,0,0,0,0,0,0,3709,5,32.0586,960,720,0,0,1,0,OK,0,,0,vision:ffmpeg_stream,,,CONNECTED,0,pitch,11,1,0,0,0,0,0,1,0,0,0,0,0,125,249,0,0,0,0,0,0,0,0,978,2731,933,300,0,0,0,0,0,battery?,,ERROR,0,-1,-1
,gui,,CONTROL_PANEL,140334,150,5,3,2,305.6,0,727,land,,TIMEOUT,manual,Timeout waiting for response,attempt=1|send=OK|raw=|result=TIMEOUT,1379,1379,0,0,0,10.3373,10.3723,8,96,338,338,225,2,0,0,OK,100,1,0,10,178.06,0,68,75,78,3742,16264213,0,0,0,32.0586,7,32,-1,0,0,0,0,0,0,OK,100,3742,16264213,3709,0,0,0,0,0,0,0,0,0,0,3709,5,32.0586,960,720,0,0,1,0,OK,0,,0,log,2026-07-02T14:08:59.248,recording stopped,CONNECTED,0,pitch,3,1,0,0,0,0,0,1,0,0,0,0,0,125,250,2,0,0,1,0,0,0,0,980,2737,936,300,0,0,0,0,0,battery?,,ERROR,0,-1,-1
,gui,,CONTROL_PANEL,140334,151,5,3,2,305.6,0,727,land,,TIMEOUT,manual,Timeout waiting for response,attempt=1|send=OK|raw=|result=TIMEOUT,1379,1379,0,0,0,10.3373,10.3723,8,96,338,338,225,2,0,0,OK,100,1,0,10,178.06,0,68,75,78,3742,16264213,0,0,0,32.0586,7,32,-1,0,0,0,0,0,0,OK,100,3742,16264213,3709,0,0,0,0,0,0,0,0,0,0,3709,5,32.0586,960,720,0,0,1,0,OK,0,,0,logging:stop,,,CONNECTED,0,pitch,0,1,0,0,0,0,0,1,0,0,0,0,0,125,250,2,0,0,1,0,0,0,0,980,2737,936,300,0,0,0,0,0,battery?,,ERROR,0,-1,-1
